cp,region,sub,reg_sub,col,del,lat_c,lon_c,num_diligencias_cpxgeo,num_addr_cpxgeo,num_diligencias_region,num_diligencias_subregion,area_sqkm,id
3300,1,1,1,"PORTALES SUR","BENITO JUAREZ",19.361593,-99.150269,.11111111,.14532872,4071,1529,.07664407,156
3330,1,1,1,"XOCO","BENITO JUAREZ",19.362272,-99.167397,.10261855,.083044983,4071,1529,.04347004,161
3340,1,1,1,"GENERAL PEDRO MARIA ANAYA","BENITO JUAREZ",19.360907,-99.159126,.0452937,.072664358,4071,1529,.040230457,162
3590,1,2,2,"ERMITA","BENITO JUAREZ",19.358515,-99.142662,.0042462847,.0069204154,4071,939,.0078216642,177
4000,1,,1,"","COYOACAN",19.346823,-99.162941,.030431706,.055363324,4071,885,.022635447,199
4010,1,1,1,"SANTA CATARINA","COYOACAN",19.347296,-99.171432,.041755132,.065743946,4071,1529,.065397538,200
4020,1,6,6,"BARRIO LA CONCEPCION","COYOACAN",19.344831,-99.156967,.0099079972,.013840831,4071,336,.020135516,201
4030,1,1,1,"BARRIO SAN LUCAS","COYOACAN",19.346031,-99.151863,.030431706,.027681662,4071,1529,.028597862,202
4040,1,1,1,"PARQUE SAN ANDRES","COYOACAN",19.344782,-99.150444,.028308563,.041522492,4071,1529,.041575536,203
4100,1,1,1,"DEL CARMEN","COYOACAN",19.354731,-99.162285,.11677282,.20415226,4071,1529,.15893899,204
4120,1,1,1,"SAN DIEGO CHURUBUSCO","COYOACAN",19.355545,-99.150818,.021939136,.027681662,4071,1529,.050039534,205
4200,1,2,2,"CAMPESTRE CHURUBUSCO","COYOACAN",19.344236,-99.136429,.041755132,.069204152,4071,939,.12647741,206
4210,1,2,2,"CHURUBUSCO COUNTRY CLUB","COYOACAN",19.348024,-99.144867,.01203114,.010380623,4071,939,.09298519,207
4230,1,2,2,"PRADO CHURUBUSCO","COYOACAN",19.356028,-99.127266,.023354564,.044982698,4071,939,.060037326,208
4240,1,2,2,"HERMOSILLO","COYOACAN",19.34473,-99.127777,.0021231424,.0034602077,4071,939,.0044645662,209
4250,1,2,2,"PASEOS DE TAXQUEÃâA","COYOACAN",19.342825,-99.125854,.014154281,.024221454,4071,939,.0918964,210
4260,1,2,2,"SAN FRANCISCO CULHUACAN","COYOACAN",19.336552,-99.121025,.046709128,.055363324,4071,939,.09200526,211
4270,1,2,2,"CAMPESTRE CHURUBUSCO","COYOACAN",19.340212,-99.131584,0,0,4071,939,.03443918,212
4300,1,1,1,"AJUSCO","COYOACAN",19.32074,-99.160172,.062986553,.079584777,4071,1529,.17791647,213
4310,1,1,1,"ROMERO DE TERREROS","COYOACAN",19.344851,-99.177124,.059447981,.062283736,4071,1529,.10075784,214
4317,1,1,1,"ROMERO DE TERREROS","COYOACAN",19.345049,-99.180763,.0014154281,0,4071,1529,.03443918,215
4318,1,1,1,"OXTOPULCO UNIVERSIDAD","COYOACAN",19.343401,-99.181923,.01556971,.020761246,4071,1529,.020804092,216
4320,1,1,1,"SAN FRANCISCO","COYOACAN",19.340321,-99.165993,.012738854,.024221454,4071,1529,.058985762,217
4330,1,1,1,"","COYOACAN",19.338736,-99.154167,.033970278,.051903114,4071,1529,.12283102,218
4340,1,1,1,"COPILCO UNIVERSIDAD","COYOACAN",19.337732,-99.176796,.0077848551,.013840831,4071,1529,.02061861,219
4350,1,1,1,"XOCO","BENITO JUAREZ",19.339878,-99.182564,.0042462847,.0069204154,4071,1529,.03443918,220
4359,1,,1,"COPILCO","COYOACAN",19.338169,-99.182556,.0056617125,0,4071,885,.03443918,221
4360,1,1,1,"COPILCO UNIVERSIDAD","COYOACAN",19.335468,-99.178871,.041755132,.072664358,4071,1529,.034808338,222
4369,1,1,1,"PEDREGAL DE SANTO DOMINGO","COYOACAN",19.330332,-99.165932,.029723991,.062283736,4071,1529,.20581116,223
4370,1,1,1,"CIUDAD JARDIN","COYOACAN",19.337664,-99.144989,.02406228,.038062282,4071,1529,.047854807,224
4380,1,1,1,"EL ROSARIO","COYOACAN",19.329494,-99.146919,.019108281,.034602076,4071,1529,.062425882,225
4400,1,2,2,"EDUCACION","COYOACAN",19.337679,-99.131111,.021939136,.048442908,4071,939,.05130839,226
4410,1,2,2,"PETROLERA TAXQUEÃâA","COYOACAN",19.340202,-99.13324,.0021231424,.0034602077,4071,939,.0089776032,227
4420,1,2,2,"SAN FRANCISCO CULHUACAN","COYOACAN",19.330786,-99.124878,.020523708,.034602076,4071,939,.052423514,228
4440,1,2,2,"SAN FRANCISCO CULHUACAN","COYOACAN",19.329527,-99.110756,.0021231424,.0034602077,4071,939,.048450399,229
4450,1,2,2,"CENTINELA","COYOACAN",19.335615,-99.139938,.0028308562,.0034602077,4071,939,.01499228,230
4460,1,2,2,"AVANTE","COYOACAN",19.330515,-99.136726,.024769993,.038062282,4071,939,.076994993,231
4470,1,2,2,"PRESIDENTES EJIDALES 1A SECCION","COYOACAN",19.324358,-99.124458,.01556971,.024221454,4071,939,.04473019,232
4480,1,5,5,"CULHUACAN","COYOACAN",19.323698,-99.120819,.0035385704,.0034602077,4071,13,.066780485,233
4490,1,2,2,"CARMEN SERDAN","COYOACAN",19.321556,-99.113342,.0014154281,.0034602077,4071,939,.031582441,234
4500,1,1,1,"JARDINES DEL PEDREGAL DE SAN ANGEL","COYOACAN",19.308054,-99.200752,.019108281,.031141868,4071,1529,.06565927,235
4510,1,1,1,"CU","COYOACAN",19.326357,-99.178497,.0028308562,.0034602077,4071,1529,.54654902,236
4519,1,4,4,"LA OTRA BANDA","COYOACAN",19.335712,-99.195122,.0042462847,.0034602077,4071,443,.0067219473,237
4530,1,1,1,"INSURGENTES CUICUILCO","COYOACAN",19.305679,-99.187798,.033970278,.044982698,4071,1529,.068876706,238
4600,1,1,1,"","COYOACAN",19.311344,-99.156593,.021231422,.048442908,4071,1529,.15223584,239
4610,1,1,1,"XOTEPINGO","COYOACAN",19.328028,-99.140465,.014154281,.017301038,4071,1529,.011640667,240
4620,1,2,2,"SAN PABLO TEPETLAPA","COYOACAN",19.321177,-99.138901,.014154281,.017301038,4071,939,.038156953,241
4630,1,1,1,"ADOLFO RUIZ CORTINEZ","COYOACAN",19.318995,-99.157104,.0014154281,.0034602077,4071,1529,.044777062,242
4640,1,1,1,"EL RELOJ","COYOACAN",19.317282,-99.140579,.0084925694,.010380623,4071,1529,.022580521,243
4650,1,1,1,"SANTA URSULA COAPA","COYOACAN",19.309776,-99.144257,.02264685,.013840831,4071,1529,.090976059,244
4660,1,,1,"PEDREGAL DE LA ZORRA","COYOACAN",19.306288,-99.160362,.0021231424,0,4071,885,.0075522698,245
4700,1,1,1,"PEDREGAL DE CARRASCO","COYOACAN",19.305643,-99.16835,.02406228,.041522492,4071,1529,.094787285,246
4710,1,1,1,"OLIMPICA","COYOACAN",19.302544,-99.16819,.0070771407,.010380623,4071,1529,.013305878,247
4718,1,,1,"PEDREGAL DE CARRASCO","COYOACAN",19.305325,-99.173355,0,0,4071,885,.03443918,248
4730,1,1,1,"BOSQUES DE TETLAMEYA","COYOACAN",19.300312,-99.15641,.021939136,.031141868,4071,1529,.032257278,249
4739,1,4,4,"EL CARACOL","COYOACAN",19.302994,-99.162537,.017692853,.027681662,4071,443,.012619923,250
4800,1,2,2,"EX HACIENDA DE COAPA","COYOACAN",19.313219,-99.121735,.0049539986,.013840831,4071,939,.063931666,251
4810,1,2,2,"PRADOS DE COYOACAN","",19.320889,-99.132973,.0077848551,.0069204154,4071,939,.020013977,252
4815,1,2,2,"EMILIANO ZAPATA","COYOACAN",19.3274,-99.137321,.01203114,.013840831,4071,939,.0085740676,253
4830,1,2,2,"EX HACIENDA COAPA","COYOACAN",19.319662,-99.130348,.033970278,.044982698,4071,939,.021847067,254
4849,1,1,1,"EX EJIDO SAN PABLO TEPETLAPA","COYOACAN",19.320124,-99.113846,.0014154281,0,4071,1529,.03443918,255
4870,1,2,2,"PRADOS DE COYOACAN","COYOACAN",19.320553,-99.134232,.0028308562,.0034602077,4071,939,.037341539,256
4890,1,2,2,"JARDINES DE COYOACAN","COYOACAN",19.312931,-99.127388,.0092002833,.024221454,4071,939,.029053075,257
4899,1,2,2,"EXHACIENDA COAPA","COYOACAN",19.309673,-99.130554,.01203114,.020761246,4071,939,.016286483,258
4909,1,2,2,"UNIDAD CTM CULHUACAN SECC 9","COYOACAN",19.314817,-99.106071,.0063694268,.013840831,4071,939,.088208824,259
4910,1,2,2,"CARMEN SERDAN","COYOACAN",19.321726,-99.106514,.0014154281,0,4071,939,.016566794,260
4918,1,2,2,"RESIDENCIAL CAFETALES","COYOACAN",19.311857,-99.110413,.05378627,.055363324,4071,939,.029396122,261
4920,1,2,2,"LOS GIRASOLES","COYOACAN",19.309881,-99.126564,.019108281,.031141868,4071,939,.043382742,262
4929,1,,2,"COAPA LAS CAMPAÃâAS","COYOACAN",19.308958,-99.12056,.0014154281,0,4071,885,.0031545013,263
4938,1,2,2,"CAMPESTRE COYOACAN","COYOACAN",19.308096,-99.11586,.0014154281,.0034602077,4071,939,.01501398,264
4939,1,2,2,"MIRADOR","COYOACAN",19.306387,-99.109428,0,0,4071,939,.01402714,265
4940,1,2,2,"CAMPESTRE COYOACAN","COYOACAN",19.304405,-99.118042,.0049539986,.0069204154,4071,939,.021767782,266
4950,1,2,2,"EL MIRADOR","COYOACAN",19.304142,-99.10994,.0028308562,.0034602077,4071,939,.012170766,267
4960,1,2,2,"VILLA QUIETUD","COYOACAN",19.299963,-99.105042,.0028308562,.0069204154,4071,939,.044622049,268
4970,1,2,2,"","COYOACAN",19.304905,-99.112396,.010615711,.024221454,4071,939,.018585576,269
4980,1,2,2,"SANTA URSULA COAPA","COYOACAN",19.307184,-99.140961,.026893135,.041522492,4071,939,.10585427,270
12000,1,6,6,"VILLA MILPA ALTA","MILPA ALTA",19.191139,-99.023666,.0056617125,.0069204154,4071,336,.21863554,654
12200,1,6,6,"PUEBLO SAN PEDRO ATOCPAN","MILPA ALTA",19.200489,-99.050095,.0035385704,.0034602077,4071,336,.10559964,655
13550,1,,6,"PUEBLO SAN ANTONIO TECOMITL","MILPA ALTA",19.229767,-98.99408,.0028308562,.0034602077,4071,885,.26438776,685
13630,1,,6,"SAN AGUSTIN","TLAHUAC",19.225334,-98.965141,.00070771406,0,4071,885,.014773696,686
14000,1,4,4,"TLALPAN CENTRO","TLALPAN",19.285366,-99.171448,.075017691,.12802768,4071,443,.13489124,687
14010,1,3,3,"PARQUE DEL PEDREGAL","TLALPAN",19.298786,-99.190948,.013446568,.024221454,4071,625,.039131932,688
14020,1,4,4,"TLALPAN LA JOYA","TLALPAN",19.297291,-99.185699,.033262562,.027681662,4071,443,.019585701,689
14030,1,4,4,"ISIDRO FABELA","TLALPAN",19.300982,-99.171715,.0063694268,.0069204154,4071,443,.048559375,690
14039,1,,4,"TORILLOGUERRA","TLALPAN",19.297249,-99.172234,.00070771406,0,4071,885,.0062456098,691
14049,1,4,4,"GRANJAS COAPA","TLALPAN",19.301138,-99.16433,.0056617125,.013840831,4071,443,.0069039478,692
14050,1,4,4,"TORIELLO GUERRA","TLALPAN",19.295506,-99.159821,.058032554,.065743946,4071,443,.067803979,693
14060,1,4,4,"PEÃâA POBRE","TLALPAN",19.2985,-99.183144,.0042462847,.0069204154,4071,443,.036471933,694
14070,1,4,4,"SAN FERNANDO","TLALPAN",19.296532,-99.172691,.0042462847,.0034602077,4071,443,.028313639,695
14080,1,1,1,"BELISARIO DOMINGUEZ SECCION XVI","TLALPAN",19.289188,-99.157738,.01556971,.034602076,4071,1529,.064266637,696
14090,1,4,4,"LA JOYA","TLALPAN",19.280746,-99.164688,.027600849,.017301038,4071,443,.019795524,697
14100,1,3,3,"PEDREGAL DE SAN NICOLAS 4TA SECCION","TLALPAN",19.286222,-99.237183,.012738854,.020761246,4071,625,.23836377,698
14110,1,3,3,"FUENTES DEL PEDREGAL","TLALPAN",19.307632,-99.215378,.021939136,.031141868,4071,625,.12798816,699
14120,1,3,3,"RINCON DEL PEDREGAL","TLALPAN",19.311903,-99.219841,.0014154281,0,4071,625,.0067845923,700
14130,1,3,3,"UNIDAD EMILIO PORTES GIL","TLALPAN",19.304546,-99.217674,.00070771406,0,4071,625,.03443918,701
14140,1,2,2,"FUENTES DEL PEDREGAL","TLALPAN",19.306499,-99.224487,.0035385704,.0069204154,4071,939,.05105409,702
14150,1,,3,"LOS FRAMBOLLANES","TLALPAN",19.304813,-99.220741,.0049539986,0,4071,885,.018749017,703
14160,1,3,3,"POPULAR SANTA TERESA","TLALPAN",19.300285,-99.225128,0,0,4071,625,.023174191,704
14200,1,3,3,"HEROES DE PADIERNA","TLALPAN",19.282709,-99.218636,.037508845,.044982698,4071,625,.17917453,705
14208,1,3,3,"HEROES DE PADIERNA","TLALPAN",19.286406,-99.218872,.0063694268,.0069204154,4071,625,.011629588,706
14210,1,3,3,"JARDINES EN LA MONTAÃâA","TLALPAN",19.30225,-99.200188,.24486907,.16262975,4071,625,.069320142,707
14239,1,3,3,"LOS ENCINOS","TLALPAN",19.277533,-99.228226,0,0,4071,625,.010129271,708
14240,1,3,3,"LOMAS DE PADIERNA","TLALPAN",19.293539,-99.221474,.019815994,.038062282,4071,625,.11730306,709
14250,1,3,3,"AMPLIACION MIGUEL HIDALGO","TLALPAN",19.278175,-99.200974,.018400567,.038062282,4071,625,.23402466,710
14260,1,7,7,"","TLALPAN",19.293049,-99.185356,.0014154281,.0069204154,4071,8,.030478476,711
14267,1,7,7,"MIGUEL HIDALGO 1 SECCION","TLALPAN",19.294434,-99.182129,.0028308562,.0069204154,4071,8,.0091636153,712
14268,1,3,3,"LA LONJA","TLALPAN",19.292734,-99.18084,.0049539986,.0069204154,4071,625,.0097008767,713
14269,1,,2,"BARRIO LA FAMA","TLALPAN",19.291016,-99.178406,.00070771406,0,4071,885,.011494979,714
14275,1,1,1,"VISTAS DEL PEDREGAL","TLALPAN",19.264503,-99.208138,.0014154281,0,4071,1529,.015333208,715
14300,1,2,2,"NUEVA ORIENTAL COAPA","TLALPAN",19.299484,-99.128143,.01556971,.031141868,4071,939,.031925898,716
14308,1,2,2,"EX HACIENDA COAPA","TLAPAN",19.296957,-99.124741,.0035385704,.0034602077,4071,939,.013171294,717
14310,1,2,2,"GIRASOLES III","TLALPAN",19.305569,-99.129326,.0042462847,.0034602077,4071,939,.02301741,718
14320,1,2,2,"VERGEL COAPA","TLALPAN",19.303467,-99.124893,0,0,4071,939,.0072683347,719
14325,1,2,2,"GRANJAS COAPA","TLALPAN",19.298367,-99.114082,.0063694268,.013840831,4071,939,.019743027,720
14326,1,2,2,"","TLALPAN",19.299265,-99.119446,.0070771407,.017301038,4071,939,.02129413,721
14329,1,,2,"TENORIOS FOVISSSTE","TLALPAN",19.294647,-99.117851,.00070771406,0,4071,885,.03443918,722
14330,1,2,2,"GRANJAS COAPA","TLALPAN",19.298006,-99.109467,.021231422,.031141868,4071,939,.056087047,723
14334,1,2,2,"COAPA","TLALPAN",19.299028,-99.110413,.00070771406,0,4071,939,.03443918,724
14336,1,2,2,"GRANJAS COAPA","XOCHIMILCO",19.295618,-99.105141,.0028308562,0,4071,939,.03443918,725
14340,1,2,2,"EX HACIENDA COAPA","TLALPAN",19.298895,-99.136765,.0056617125,.0069204154,4071,939,.033860952,726
14350,1,,2,"PRADO COAPA PRIMERA SECCION","TLALPAN",19.303469,-99.13089,.00070771406,0,4071,885,.0087588774,727
14357,1,2,2,"","TLALPAN",19.294115,-99.132332,.012738854,.020761246,4071,939,.051546521,728
14360,1,2,2,"MAGISTERIAL","TLALPAN",19.292601,-99.113991,.0092002833,.017301038,4071,939,.026012501,729
14370,1,1,1,"SAN LORENZO HUIPULCO","TLALPAN",19.295504,-99.143799,.050247699,.10726643,4071,1529,.097917967,730
14376,1,2,2,"ARBOLEDAS DEL SUR","TLALPAN",19.293495,-99.140373,.0035385704,.0069204154,4071,939,.030230762,731
14380,1,2,2,"SAN BARTOLO EL CHICO","TLALPAN",19.284882,-99.135559,.0035385704,.0069204154,4071,939,.031580318,732
14386,1,2,2,"RANCHO COLORINES","TLALPAN",19.288824,-99.136658,.016985139,.010380623,4071,939,.0092974836,733
14387,1,2,2,"CHIMALI","TLALPAN",19.289036,-99.130386,.0077848551,.013840831,4071,939,.025661869,734
14389,1,2,2,"","TLALPAN",19.28628,-99.147865,.00070771406,.0034602077,4071,939,.030560577,735
14390,1,2,2,"EX HACIENDA COAPA","TLALPAN",19.289509,-99.123894,.035385706,.069204152,4071,939,.11354055,736
14400,1,3,3,"SAN ANDRES TOTOLTEPEC","TLALPAN",19.247236,-99.1726,.010615711,.017301038,4071,625,.2649554,737
14410,1,4,4,"TLALPAN","TLALPAN",19.280373,-99.184372,.0077848551,.0034602077,4071,443,.054609057,738
14420,1,3,3,"SANTA URSULA XITLA","TLALPAN",19.282394,-99.173996,.024769993,.038062282,4071,625,.11513629,739
14430,1,3,3,"TLALCOLIGIA","TLALPAN",19.276464,-99.171165,.0021231424,.0034602077,4071,625,.017047469,740
14480,1,5,5,"PUEBLO SAN MIGUEL AJUSCO","TLALPAN",19.233919,-99.183372,.00070771406,0,4071,13,.13967042,741
14490,1,,2,"","TLALPAN",19.234276,-99.165108,.0021231424,.0034602077,4071,885,.12526022,742
14500,1,2,2,"NARCIZO MENDOZA","TLALPAN",19.195114,-99.151329,.0021231424,.0034602077,4071,939,.69657862,743
14520,1,5,5,"SAN MIGUEL TEHUISCO","TLALPAN",19.207405,-99.15918,0,0,4071,13,.28271285,744
14600,1,4,4,"ARENAL TEPEPAN","TLALPAN",19.279428,-99.143814,.0099079972,.013840831,4071,443,.025949258,745
14609,1,4,4,"CLUB DE GOLF MEXICO","TLALPAN",19.280727,-99.150307,.00070771406,0,4071,443,.0017961891,746
14610,1,4,4,"","TLALPAN",19.282478,-99.144119,.0063694268,.0069204154,4071,443,.037199371,747
14620,1,4,4,"","TLALPAN",19.281328,-99.156158,.0056617125,.017301038,4071,443,.08032909,748
14630,1,4,4,"CHIMALCOYOTL","TLALPAN",19.276363,-99.166168,.0056617125,.013840831,4071,443,.065776095,749
14640,1,4,4,"EJIDOS DE SAN PEDRO MARTIR","TLALPAN",19.270599,-99.156769,.0028308562,.0034602077,4071,443,.061672296,750
14643,1,4,4,"FUENTES DE TEPEPAN","TLALPAN",19.270018,-99.151093,.0049539986,.0069204154,4071,443,.048387039,751
14650,1,4,4,"SAN PEDRO MARTIR","TLALPAN",19.267284,-99.168556,.018400567,.024221454,4071,443,.14258716,752
14655,1,6,6,"SAN MATEO XALPA","XOCHIMILCO",19.247046,-99.141945,.00070771406,0,4071,336,.0020887735,753
14659,1,3,3,"SAN ANDRES TOTOLTEPEC","TLALPAN",19.257948,-99.177391,.0014154281,.0034602077,4071,625,.031664338,754
14700,1,5,5,"","TLALPAN",19.228922,-99.20179,.0021231424,.0034602077,4071,13,.5650602,755
14710,1,4,4,"TLALPAN","TLALPAN",19.218948,-99.204117,.00070771406,0,4071,443,.7176497,756
14737,1,3,3,"LOMAS DE CUILOTEPEC","TLALPAN",19.270041,-99.235962,.0021231424,0,4071,625,.0080291517,757
14748,1,3,3,"RINCON DEL MIRADOR I","TLALPAN",19.271881,-99.221565,.0021231424,0,4071,625,.022874791,758
14760,1,,3,"TRES DE MAYO","TLALPAN",19.240051,-99.239281,.0014154281,0,4071,885,1,759
14900,1,6,6,"PARRES EL GUARDA","TLALPAN",19.135948,-99.176758,0,0,4071,336,.099575713,760
16000,1,,6,"BARRIO SAN JUAN","XOCHIMILCO",19.264977,-99.107185,.0014154281,0,4071,885,.032005496,815
16010,1,6,6,"PASEOS DEL SUR","XOCHIMILCO",19.276751,-99.125397,.029723991,.034602076,4071,336,.057554349,816
16020,1,6,6,"SANTA MARIA TEPEPAN","XOCHIMILCO",19.27346,-99.134758,.032554846,.051903114,4071,336,.17229158,817
16029,1,,6,"AMPLIACION TEPEPAN","XOCHIMILCO",19.266342,-99.135284,.0049539986,0,4071,885,.068234041,818
16030,1,6,6,"POTRERO DE SAN BENARDINO","XOCHIMILCO",19.268776,-99.120445,.040339705,.034602076,4071,336,.10999658,819
16034,1,6,6,"","XOCHIMILCO",19.281748,-99.109444,.0021231424,.0034602077,4071,336,.25558966,820
16035,1,6,6,"SAN LORENZO LA CEBADA","XOCHIMILCO",19.280117,-99.118858,.031847134,.048442908,4071,336,.10933711,821
16038,1,,6,"AMPLIACION SAN MARCOS NORTE","XOCHIMILCO",19.26704,-99.113472,.0063694268,.0069204154,4071,885,.05927309,822
16040,1,6,6,"LA ASUNCION","XOCHIMILCO",19.268736,-99.103035,0,0,4071,336,.1237476,823
16050,1,6,6,"JARDINES DEL SUR","XOCHIMILCO",19.260742,-99.115181,.013446568,.024221454,4071,336,.087115683,824
16070,1,6,6,"LA GUADALUPITA","XOCHIMILCO",19.2635,-99.102928,.0056617125,.013840831,4071,336,.027451234,825
16080,1,,6,"SAN ESTEBAN","XOCHIMILCO",19.261614,-99.097572,.00070771406,0,4071,885,.045772146,826
16090,1,6,6,"XALTOCAN","XOCHIMILCO",19.261974,-99.10154,.025477707,.044982698,4071,336,.28009033,827
16200,1,6,6,"","XOCHIMILCO",19.250818,-99.117722,.0042462847,.013840831,4071,336,.12963571,828
16210,1,,6,"","XOCHIMILCO",19.255865,-99.121376,.0021231424,.0034602077,4071,885,.029974677,829
16216,1,,6,"CALPULCO","XOCHIMILCO",19.232769,-99.148849,.00070771406,0,4071,885,.03443918,830
16340,1,,6,"SAN LUCAS XOCHIMANCA","XOCHIMILCO",19.244373,-99.107162,0,0,4071,885,.0057647834,831
16429,1,6,6,"TEJOMULCO EL BAJO","XOCHIMILCO",19.245573,-99.083961,.0070771407,0,4071,336,.008183958,832
16440,1,6,6,"BARRIO DE XALTOCAN","XOCHIMILCO",19.247047,-99.084496,.0014154281,0,4071,336,.0078354822,833
16450,1,6,6,"XALTOCAN","XOCHIMILCO",19.251043,-99.099388,0,0,4071,336,.068664037,834
16457,1,6,6,"BARRIO DE SAN CRISTOBAL","XOCHIMILCO",19.24346,-99.089645,0,0,4071,336,.0091344984,835
16500,1,,6,"SANTA CRUZ ACALPIXCA","XOCHIMILCO",19.245262,-99.074814,.0042462847,.0034602077,4071,885,.047867652,836
16514,1,,6,"SAN JUAN MOYOTEPEC","XOCHIMILCO",19.255751,-99.070389,.0014154281,0,4071,885,.039194487,837
16517,1,,6,"","XOCHIMILCO",19.257689,-99.076118,.00070771406,.0034602077,4071,885,.021390798,838
16710,1,6,6,"GUADALUPITA","XOCHIMILCO",19.257696,-99.022118,.0028308562,.0069204154,4071,336,.024299173,839
16749,1,,6,"LAS ANIMAS","XOCHIMILCO",19.257931,-99.01976,.0049539986,0,4071,885,.013064978,840
16770,1,,6,"TERCERA SECCION DE CERRILLOS TULYEHUALCO","XOCHIMILCO",19.25437,-99.01635,.0014154281,0,4071,885,.026879773,841
16799,1,,6,"BARRIO SAN PEDRO","XOCHIMILCO",19.244894,-99.013145,.0049539986,0,4071,885,.0060998728,842
16800,1,6,6,"SAN MATEO XALPA","XOCHIMILCO",19.232273,-99.120438,.0063694268,.0069204154,4071,336,.11423779,843
16810,1,,6,"SAN IGNACIO TLACHUTEPEC","XOCHIMILCO",19.224171,-99.105499,0,0,4071,885,.17024273,844
16813,1,3,3,"SAN ANDRES AHUAYUCAN","XOCHIMILCO",19.223003,-99.111214,.0028308562,0,4071,625,.024975337,845
16880,1,,3,"SANTA CECILIA TEPETLAPA","XOCHIMILCO",19.219572,-99.102196,.00070771406,0,4071,885,.26859799,846
16888,1,,3,"BARRIO SAN PEDRO XOCHIMILCO","XOCHIMILCO",19.199734,-99.103622,0,0,4071,885,.19636989,847
16910,1,1,1,"PEDREGAL DE SAN FRANCISCO","XOCHIMILCO",19.208525,-99.127686,0,0,4071,1529,.094958715,848
8000,2,6,13,"GABRIEL RAMOS MILLAN SECCION BRAMADERO","IZTACALCO",19.390602,-99.097145,.0084925694,.010380623,5339,1387,.058779303,444
8010,2,,13,"EX-EJIDO DE LA MAGDALENA MIXHUCA","IZTACALCO",19.393305,-99.089462,.0021231424,.0069204154,5339,885,.0072421525,445
8020,2,1,8,"","IZTACALCO",19.384727,-99.095055,.0028308562,.0069204154,5339,486,.014646024,446
8030,2,2,9,"CENTRAL DE ABASTO","IZTAPALAPA",19.38896,-99.089844,.0056617125,.010380623,5339,576,.01517907,447
8100,2,6,13,"AGRICOLA PANTITLAN","IZTACALCO",19.410568,-99.06398,.13800424,.16955018,5339,1387,.26931891,448
8188,2,6,13,"AGRICOLA PANTITLAN","IZTACALCO",19.406765,-99.067734,.0028308562,0,5339,1387,.03443918,449
8200,2,3,10,"VIADUCTO PIEDAD","IZTACALCO",19.400293,-99.13311,.05378627,.072664358,5339,1226,.042245343,450
8210,2,,10,"NUEVA SANTA ANITA","IZTACALCO",19.398327,-99.129227,.0452937,.010380623,5339,885,.0094922557,451
8220,2,3,10,"BARRIO SAN PEDRO","IZTACALCO",19.393841,-99.128944,.020523708,.031141868,5339,1226,.028371658,452
8230,2,3,10,"SAN FRANCISCO XILCANTONGO","IZTACALCO",19.395126,-99.124527,.010615711,.020761246,5339,1226,.0097420271,453
8240,2,,10,"SAN FRANCISCO XICALTONGO","IZTACALCO",19.391756,-99.125595,.018400567,.0034602077,5339,885,.012443137,454
8300,2,,10,"SANTA ANITA","IZTACALCO",19.399387,-99.122208,.051663127,.031141868,5339,885,.043839391,455
8310,2,2,9,"LA CRUZ","IZTACALCO",19.403708,-99.115692,.04317056,.051903114,5339,576,.018234588,456
8400,2,6,13,"GRANJAS MEXICO","IZTACALCO",19.401224,-99.101204,.3920736,.36332181,5339,1387,.31522742,457
8500,2,1,8,"AGRICOLA ORIENTAL","IZTACALCO",19.39419,-99.072357,.17975938,.26297578,5339,486,.36596689,458
8510,2,,8,"EL RODEO","IZTACALCO",19.395372,-99.084503,.0028308562,.0069204154,5339,885,.017986964,459
8580,2,1,8,"AGRICOLA ORIENTAL","IZTACALCO",19.390156,-99.070358,0,0,5339,486,.03443918,460
8600,2,,8,"BARRIO LA ASUNCION","IZTACALCO",19.39073,-99.121513,.0021231424,.0034602077,5339,885,.010185447,461
8610,2,7,14,"BARRIO DE ZAPOTLA","IZTACALCO",19.395708,-99.121742,.0092002833,.010380623,5339,300,.019258993,462
8620,2,,10,"BARRIO DE LOS REYES","IZTACALCO",19.395504,-99.117767,.013446568,.020761246,5339,885,.020541141,463
8650,2,3,10,"BARRIO SAN MIGUEL","IZTACALCO",19.391623,-99.115776,.014154281,.017301038,5339,1226,.014250193,464
8700,2,,8,"JUVENTINO ROSAS","IZTACALCO",19.392429,-99.105774,.014154281,.013840831,5339,885,.042048212,465
8720,2,,8,"RAMOS MILLAN","IZTACALCO",19.394569,-99.10807,.010615711,.0069204154,5339,885,.021170329,466
8730,2,1,8,"AMPLIACION GABRIEL RAMOS MILLAN","IZTACALCO",19.393764,-99.101852,.0021231424,.0034602077,5339,486,.028347068,467
8760,2,,8,"INPI LOS PICOS","IZTACALCO",19.388075,-99.104561,.0092002833,.0034602077,5339,885,.019419728,468
8800,2,,8,"SANTIAGO SUR","IZTACALCO",19.387465,-99.12571,.0084925694,.013840831,5339,885,.033470463,469
8810,2,3,10,"REFORMA IZTACCIHUATL NORTE","IZTACALCO",19.385912,-99.128922,.017692853,.020761246,5339,1226,.034338988,470
8830,2,2,9,"MILITAR MARTE","IZTACALCO",19.382093,-99.128876,.023354564,.034602076,5339,576,.052456148,471
8840,2,,9,"REFORMA IZTACCIHUATL SUR","IZTACALCO",19.377245,-99.129089,.0092002833,.017301038,5339,885,.018174978,472
8900,2,2,9,"","IZTACALCO",19.384405,-99.106613,.0063694268,.010380623,5339,576,.057511471,473
8910,2,,9,"","IZTACALCO",19.387812,-99.121506,.0035385704,.0034602077,5339,885,.0047573606,474
8920,2,,9,"JARDINES TECMA","IZTACALCO",19.388113,-99.115799,.0021231424,0,5339,885,.0043943785,475
8930,2,3,10,"CAMPAMENTO 2 DE OCTUBRE","IZTACALCO",19.383905,-99.116089,.0099079972,.010380623,5339,1226,.052356336,476
9000,2,3,10,"GUADALUPE DEL MORAL","IZTAPALAPA",19.366556,-99.085167,.38853502,.12456747,5339,1226,.22241114,477
9010,2,3,10,"FRACCIONAMIENTO INDUSTRIAL DEL MORAL","IZTAPALAPA",19.388088,-99.082687,0,0,5339,1226,.019032303,478
9020,2,1,8,"DR ALFONSO ORTIZ TIRADO","IZTAPALAPA",19.38448,-99.080078,.038924273,.034602076,5339,486,.040562443,479
9030,2,1,8,"PASEOS DE CHURUBUSCO","IZTAPALAPA",19.388018,-99.08744,.016277423,.020761246,5339,486,.044058967,480
9040,2,2,9,"CENTRAL DE ABASTO","IZTAPALAPA",19.37797,-99.08699,.14791225,.23529412,5339,576,.26006746,481
9060,2,4,11,"SECTOR POPULAR","IZTAPALAPA",19.365355,-99.116356,.032554846,.062283736,5339,317,.10023203,482
9070,2,4,11,"GRANJAS SAN ANTONIO","IZTAPALAPA",19.364347,-99.107315,.10757254,.11764706,5339,317,.063632026,483
9080,2,4,11,"EMPERADOR CACAMA","IZTAPALAPA",19.359941,-99.12175,.0042462847,.010380623,5339,317,.013462136,484
9089,2,4,11,"UNIDAD MODELO","IZTAPALAPA",19.36433,-99.125122,.0056617125,.0069204154,5339,317,.041474458,485
9090,2,4,11,"HEROES DE CHURUBUSCO","IZTAPALAPA",19.362432,-99.119324,.024769993,.024221454,5339,317,.023864219,486
9099,2,4,11,"MEXICALTZINGO","IZTAPALAPA",19.357143,-99.120583,.013446568,.010380623,5339,317,.018730193,487
9100,2,1,8,"JUAN ESCUTIA","IZTAPALAPA",19.391218,-99.042892,.041047417,.055363324,5339,486,.11936807,488
9130,2,1,8,"SAN LORENZO XICOTENCATL","IZTAPALAPA",19.381008,-99.027199,.0021231424,0,5339,486,.023382086,489
9140,2,6,13,"SANTA MARTHA ACATITLA NORTE","IZTAPALAPA",19.376009,-99.016136,.016985139,.034602076,5339,1387,.19070588,490
9200,2,,13,"UNIDAD HABITACIONAL VICENTE GUERRERO","IZTAPALAPA",19.361553,-99.064369,0,0,5339,885,.12977573,491
9207,2,6,13,"RENOVACION","IZTAPALAPA",19.369354,-99.054535,.019815994,.020761246,5339,1387,.03443918,492
9208,2,6,13,"CHINAM PAC DE JUAREZ","IZTAPALAPA",19.381302,-99.044006,.021231422,.027681662,5339,1387,.39225936,493
9209,2,6,13,"RENOVACION","IZTAPALAPA",19.369541,-99.05014,.0028308562,.0034602077,5339,1387,.05112759,494
9210,2,6,13,"TEPALCATES","IZTAPALAPA",19.392849,-99.054939,.032554846,.044982698,5339,1387,.074340783,495
9239,2,,13,"EJERCITO DE ORIENTE","IZTAPALAPA",19.370655,-99.030304,.0014154281,0,5339,885,.049875505,496
9240,2,6,13,"","IZTAPALAPA",19.35697,-99.062889,.0042462847,.010380623,5339,1387,.042605527,497
9260,2,3,10,"CONSTITUCION DE 1917","IZTAPALAPA",19.349709,-99.058472,.0084925694,.017301038,5339,1226,.076742761,498
9270,2,6,13,"COLONIAL IZTAPALAPA","IZTAPALAPA",19.347023,-99.056641,.0014154281,.0069204154,5339,1387,.023002561,499
9280,2,6,13,"JACARANDAS","IZTAPALAPA",19.345776,-99.052216,.013446568,.013840831,5339,1387,.033045575,500
9290,2,6,13,"SANTA CRUZ MEYEHUALCO","IZTAPALAPA",19.348272,-99.045685,.01203114,.020761246,5339,1387,.21772587,501
9300,2,3,10,"GUADALUPE DEL MORAL","IZTAPALAPA",19.367205,-99.077103,.044585988,.05882353,5339,1226,.10225088,502
9310,2,3,10,"LEYES DE REFORMA 1A SECCION","IZTAPALAPA",19.370689,-99.070755,.065109693,.10034602,5339,1226,.21868534,503
9319,2,3,10,"FRACCIONAMIENTO INDUSTRIAL DEL MORAL","IZTAPALAPA",19.384628,-99.071381,.077140838,.11072665,5339,1226,.014388712,504
9320,2,,10,"SIDERAL","IZTAPALAPA",19.373949,-99.064194,.0021231424,0,5339,885,.0065755476,505
9330,2,3,10,"GUADALUPE DEL MORAL","IZTAPALAPA",19.372129,-99.068802,0,0,5339,1226,.03443918,506
9360,2,3,10,"SAN MIGUEL","IZTAPALAPA",19.357502,-99.079903,.046709128,.055363324,5339,1226,.11588051,507
9400,2,3,10,"EL SIFON","IZTAPALAPA",19.371439,-99.117279,.030431706,.051903114,5339,1226,.057783782,508
9410,2,2,9,"ACULCO","IZTAPALAPA",19.375923,-99.104118,.012738854,.034602076,5339,576,.081247389,509
9420,2,2,9,"NUEVA ROSITA","IZTAPALAPA",19.379002,-99.101997,.014154281,.013840831,5339,576,.019982422,510
9429,2,3,10,"PURISIMA ATLAZOLPA","IZTAPALAPA",19.38076,-99.107903,.012738854,.024221454,5339,1226,.007032665,511
9430,2,3,10,"APATLACO","IZTAPALAPA",19.379135,-99.120483,.040339705,.051903114,5339,1226,.049302422,512
9438,2,,9,"AMPLIACION EL TRIUNFO","IZTAPALAPA",19.376867,-99.115112,.0028308562,.0034602077,5339,885,.015309654,513
9440,2,2,9,"SAN ANDRES TETEPILCO","IZTAPALAPA",19.37286,-99.129135,.070771411,.11764706,5339,576,.11390182,514
9450,2,2,9,"EL BANDIJAL","IZTAPALAPA",19.362011,-99.137238,.0063694268,.010380623,5339,576,.019227553,515
9460,2,,9,"JUSTO SIERRA","IZTAPALAPA",19.36014,-99.135422,.010615711,.013840831,5339,885,.0098895105,516
9470,2,2,9,"SINATEL","IZTAPALAPA",19.359194,-99.131798,.025477707,.020761246,5339,576,.015424716,517
9479,2,,9,"AMPLIACION SINATEL","IZTAPALAPA",19.366116,-99.129044,.0035385704,.0034602077,5339,885,.021431597,518
9480,2,2,9,"PRADO","IZTAPALAPA",19.358418,-99.134918,.019108281,.020761246,5339,576,.015412441,519
9500,2,6,13,"SANTA MARIA AZTAHUACAN","IZTAPALAPA",19.348597,-99.025063,.043878272,.069204152,5339,1387,.10148787,520
9510,2,6,13,"SANTA MARTHA ACATITLA","IZTAPALAPA",19.361391,-99.007393,.031847134,.051903114,5339,1387,.11153426,521
9520,2,6,13,"SAN SEBASTIAN TECOLOXTITLA","IZTAPALAPA",19.361168,-99.017906,.0063694268,.0069204154,5339,1387,.041904349,522
9530,2,6,13,"SANTA MARTHA ACATITLA","IZTAPALAPA",19.369209,-99.01696,.029016277,.055363324,5339,1387,.12107814,523
9560,2,,13,"PARAJE ZACATEPEC","IZTAPALAPA",19.359102,-99.019737,0,0,5339,885,.035844427,524
9570,2,6,13,"SANTA MARIA AZTAHUACAN","IZTAPALAPA",19.357811,-99.034172,.065817408,.08650519,5339,1387,.19242962,525
9578,2,6,13,"","IZTAPALAPA",19.366934,-99.037491,.0021231424,.0034602077,5339,1387,.056370478,526
9600,2,6,13,"SANTA MARTHA ACATITLA","IZTAPALAPA",19.357092,-99.003372,.00070771406,0,5339,1387,.033411529,527
9608,2,6,13,"SEGUNDA AMPLIACION SANTIAGO ACAHUALTEPEC","IZTAPALAPA",19.351246,-99.01178,0,0,5339,1387,.021482611,528
9609,2,6,13,"","IZTAPALAPA",19.348486,-99.013145,.0056617125,.010380623,5339,1387,.071132496,529
9620,2,,13,"LOMAS DE ZARAGOZA","IZTAPALAPA",19.357729,-99.001984,0,0,5339,885,.058781844,530
9630,2,3,10,"AMPLIACION BARRIO SAN MIGUEL","IZTAPALAPA",19.34343,-98.988029,.0014154281,0,5339,1226,.2095955,531
9637,2,1,8,"CAMPESTRE POTRERO","IZTAPALAPA",19.328196,-98.972137,.0028308562,.0034602077,5339,486,.18371329,532
9638,2,7,14,"AMPLIACION EMILIANO ZAPATA","IZTAPALAPA",19.341654,-98.979004,0,0,5339,300,.040263411,533
9640,2,6,13,"","IZTAPALAPA",19.344692,-99.015587,.02264685,.034602076,5339,1387,.23665221,534
9660,2,6,13,"CITLALLI","IZTAPALAPA",19.344126,-99.024597,.0063694268,.013840831,5339,1387,.034800947,535
9680,2,,13,"LA ERA","IZTAPALAPA",19.333162,-99.020981,0,0,5339,885,.04983573,536
9696,2,2,9,"LOS CIPRESES","IZTAPALAPA",19.335066,-98.998787,0,0,5339,576,.1427733,537
9700,2,6,13,"DESARROLLO URBANO QUETZALCOATL","IZTAPALAPA",19.337,-99.039764,.046001416,.089965396,5339,1387,.3885482,538
9706,2,6,13,"SANTA MARIA AZTAHUACAN","IZTAPALAPA",19.323824,-99.034767,.0077848551,.0069204154,5339,1387,.0074328654,539
9720,2,6,13,"FRANCISCO VILLA","IZTAPALAPA",19.339098,-99.055992,.0099079972,.017301038,5339,1387,.066446044,540
9730,2,6,13,"REFORMA POLITICA","IZTAPALAPA",19.341534,-99.029739,.010615711,.020761246,5339,1387,.069248237,541
9740,2,7,14,"LA HERA","IZTAPALAPA",19.332357,-99.058136,.0049539986,.010380623,5339,300,.040630013,542
9750,2,,14,"LAS PEÃâAS","IZTAPALAPA",19.336626,-99.051201,.0049539986,.010380623,5339,885,.087261371,543
9760,2,7,14,"CONSEJO AGRARISTA MEXICANO","IZTAPALAPA",19.325798,-99.055145,.0084925694,.013840831,5339,300,.07909254,544
9770,2,7,14,"PUENTE BLANCO","IZTAPALAPA",19.327274,-99.065025,.00070771406,.0034602077,5339,300,.02273459,545
9780,2,7,14,"LOMAS DE SAN LORENZO","IZTAPALAPA",19.317799,-99.065102,.014861995,.034602076,5339,300,.12948611,546
9790,2,7,14,"SAN LORENZO TEZONCO","IZTAPALAPA",19.307421,-99.065208,.0035385704,.0069204154,5339,300,.17297524,547
9800,2,5,12,"PUEBLO CULHUACAN","IZTAPALAPA",19.336506,-99.109543,.062986553,.072664358,5339,630,.18700577,548
9810,2,5,12,"GRANJAS ESMERALDA","IZTAPALAPA",19.353571,-99.115059,.11181883,.11418685,5339,630,.076259829,549
9819,2,1,8,"VALLE DEL SUR","IZTAPALAPA",19.345625,-99.113281,.030431706,.031141868,5339,486,.030362384,550
9820,2,5,12,"SANTA ISABEL INDUSTRIAL","IZTAPALAPA",19.35276,-99.103409,.038216561,.069204152,5339,630,.080921367,551
9828,2,1,8,"RICARDO FLORES MAGON","IZTAPALAPA",19.355078,-99.099785,.0028308562,.0034602077,5339,486,.010545973,552
9829,2,,12,"AMPLIACION EL SANTUARIO","IZTAPALAPA",19.350361,-99.096199,.01203114,.0034602077,5339,885,.020775244,553
9830,2,5,12,"PARAJE SAN JUAN","IZTAPALAPA",19.345436,-99.072166,.046001416,.062283736,5339,630,.15441386,554
9837,2,5,12,"","IZTAPALAPA",19.351688,-99.078316,.012738854,.010380623,5339,630,.016246596,555
9838,2,5,12,"EL MANTO","IZTAPALAPA",19.352938,-99.084099,.0077848551,.0069204154,5339,630,.01062707,556
9839,2,,12,"PARAJE SAN JUAN","IZTAPALAPA",19.338818,-99.067421,.0021231424,0,5339,885,.024739429,557
9840,2,5,12,"LOA REYES CULHUACAN","IZTAPALAPA",19.348719,-99.107124,.00070771406,0,5339,630,.027179373,558
9849,2,5,12,"AMPLIACION LOS REYES CULHUACAN","IZTAPALAPA",19.346165,-99.103058,0,0,5339,630,.031930067,559
9850,2,5,12,"SAN JUAN XALPA","IZTAPALAPA",19.330111,-99.084557,.020523708,.048442908,5339,630,.23266047,560
9858,2,5,12,"EL MANTO","IZTAPALAPA",19.347887,-99.078072,.00070771406,0,5339,630,.026094737,561
9860,2,5,12,"CERRO DE LA ESTRELLA","IZTAPALAPA",19.324543,-99.076492,.058740269,.076124564,5339,630,.29569528,562
9864,2,5,12,"CERRO DE LA ESTRELLA","IZTAPALAPA",19.327456,-99.081108,.0021231424,0,5339,630,.03443918,563
9870,2,3,10,"SANTA MARIA TOMATLAN","IZTAPALAPA",19.324793,-99.101631,.01203114,.017301038,5339,1226,.069394477,564
9880,2,5,12,"EL VERGEL","IZTAPALAPA",19.318405,-99.085854,.047416843,.076124564,5339,630,.15295459,565
9889,2,5,12,"CERRO DE LA ESTRELLA","IZTAPALAPA",19.321762,-99.082436,0,0,5339,630,.03443918,566
9890,2,5,12,"LOMAS ESTRELLA SEGUNDA SECCION","IZTAPALAPA",19.320311,-99.094086,.02264685,.031141868,5339,630,.0921546,567
9897,2,5,12,"LOMAS ESTRELLA","IZTAPALAPA",19.312479,-99.092682,.00070771406,0,5339,630,.012099619,568
9900,2,7,14,"EJIDOS DEL MORAL","IZTAPALAPA",19.305975,-99.075226,.026893135,.05882353,5339,300,.088933699,569
9910,2,4,11,"LA ESPERANZA","IZTAPALAPA",19.311911,-99.077072,.024769993,.031141868,5339,317,.043602098,570
9920,2,7,14,"","IZTAPALAPA",19.30542,-99.082481,.011323425,.013840831,5339,300,.051773459,571
9930,2,1,8,"EL ROSARIO","IZTAPALAPA",19.303709,-99.064224,.00070771406,0,5339,486,.026505327,572
9960,2,7,14,"SAN LORENZO TEZONCO","IZTAPALAPA",19.294899,-99.07135,.0014154281,0,5339,300,.099404879,573
9970,2,4,11,"CUAUHTEMOC","CUAUHTEMOC",19.300037,-99.07827,.0056617125,.0034602077,5339,317,.053396992,574
13000,2,6,13,"LA ASUNCION","TLAHUAC",19.27235,-99.006729,.0063694268,.0069204154,5339,1387,.022257261,656
13010,2,,13,"SANTA CECILIA","TLAHUAC",19.279684,-99.009071,.0014154281,.0034602077,5339,885,.04227107,657
13020,2,7,14,"SAN JOSE TLAHUAC","TLAHUAC",19.277653,-98.993073,.0028308562,.0034602077,5339,300,.22499229,658
13040,2,1,8,"","TLAHUAC",19.272169,-99.001335,.0063694268,.0069204154,5339,486,.024899991,659
13050,2,,8,"LA HABANA","TLAHUAC",19.270836,-98.997932,.0014154281,.0034602077,5339,885,.19057532,660
13080,2,1,8,"LOS REYES","TLAHUAC",19.263605,-99.00811,.00070771406,0,5339,486,.019966602,661
13100,2,7,14,"","",19.303263,-98.965942,.00070771406,.0034602077,5339,300,.11982457,662
13120,2,7,14,"SANTA CATARINA YECAHUITZOTL","TLAHUAC",19.32378,-98.960533,.0049539986,.0069204154,5339,300,.04966861,663
13150,2,1,8,"SANTA CATARINA TLAHUAC","TLAHUAC",19.311939,-98.962799,.0014154281,0,5339,486,.017655434,664
13180,2,7,14,"SANTA CATARINA YECAHUIZOTL","TLAHUAC",19.304903,-98.967957,.0084925694,.0034602077,5339,300,.14601694,665
13200,2,7,14,"MIGUEL HIDALGO","TLAHUAC",19.290245,-99.045425,.014861995,.027681662,5339,300,.093639225,666
13210,2,2,9,"LOS OLIVOS","TLAHUAC",19.301714,-99.057106,.019108281,.017301038,5339,576,.046328645,667
13219,2,7,14,"LAS ARBOLEDAS","TLAHUAC",19.306299,-99.0541,.016277423,.020761246,5339,300,.083801255,668
13220,2,7,14,"LA NOPALERA","TLAHUAC",19.29917,-99.051315,.0092002833,.017301038,5339,300,.031383801,669
13250,2,2,9,"LOS OLIVOS","TLAHUAC",19.293152,-99.060028,.0035385704,0,5339,576,.0078183757,670
13270,2,7,14,"DEL MAR","TLAHUAC",19.290298,-99.060112,.0049539986,.010380623,5339,300,.1090815,671
13273,2,7,14,"LA DRAGA","TLAHUAC",19.284069,-99.046524,.0049539986,.010380623,5339,300,.11074393,672
13300,2,7,14,"","TLAHUAC",19.309792,-99.077759,.0092002833,.020761246,5339,300,.23887953,673
13310,2,7,14,"","TLAHUAC",19.308773,-99.039185,.00070771406,.0034602077,5339,300,.016373945,674
13314,2,,14,"AMPLIACION LOS OLIVOS","IZTAPALAPA",19.303862,-99.029404,.00070771406,0,5339,885,.03443918,675
13316,2,,14,"SANTIAGO ZAPOTITLA","TLAHUAC",19.302286,-99.041946,.0042462847,0,5339,885,.03443918,676
13318,2,7,14,"AMPLIACION JOSE LOPEZ PORTILLO","TLAHUAC",19.305874,-99.041397,0,0,5339,300,.03443918,677
13319,2,7,14,"LA ESTACION","TLAHUAC",19.310678,-99.041954,.0028308562,.0034602077,5339,300,.03417987,678
13360,2,7,14,"","TLAHUAC",19.294647,-99.036697,.026185421,.044982698,5339,300,.21211068,679
13400,2,1,8,"SAN FRANCISCO TLALTENCO","TLAHUAC",19.296503,-99.014351,.0042462847,.010380623,5339,486,.089159392,680
13419,2,5,12,"","IZTAPALAPA",19.302219,-99.018692,.00070771406,.0034602077,5339,630,.55424798,681
13420,2,7,14,"SELENE","TLAHUAC",19.284119,-99.006966,.0070771407,.010380623,5339,300,.12880686,682
13530,2,,14,"PUEBLO SAN JUAN IXTAYOPAN BARRIO LA ASUNCION","TLAHUAC",19.230917,-98.999077,.00070771406,0,5339,885,.099745438,683
13546,2,,14,"OLIVAR SANTA MARIA","TLAHUAC",19.247982,-99.006355,.0063694268,0,5339,885,.090117462,684
7000,3,2,16,"ARAGON LA VILLA","GUSTAVO A MADERO",19.479145,-99.113045,.012738854,.020761246,3742,1100,.032857273,345
7010,3,2,16,"SANTA ISABEL TOLA","GUSTAVO A MADERO",19.498217,-99.114616,.033970278,.062283736,3742,1100,.12612893,346
7020,3,2,16,"TEPEYAC INSURGENTES","GUSTAVO A MADERO",19.48624,-99.120331,.060863413,.083044983,3742,1100,.058598164,347
7040,3,2,16,"NUEVA ATZACOALCO","GUSTAVO A MADERO",19.49896,-99.096107,.025477707,.034602076,3742,1100,.029794041,348
7050,3,1,15,"VILLA GUSTAVO A MADERO","GUSTAVO A MADERO",19.482517,-99.113617,.012738854,.017301038,3742,1005,.044051968,349
7058,3,,16,"ARAGON","GUSTAVO A MADERO",19.482935,-99.106804,.0049539986,0,3742,885,.0096247299,350
7070,3,2,16,"","GUSTAVO A MADERO",19.485624,-99.109245,.0084925694,.013840831,3742,1100,.0640314,351
7090,3,2,16,"ATZACOALCO CTM","GUSTAVO A MADERO",19.509541,-99.101486,.0099079972,.024221454,3742,1100,.065779738,352
7100,3,,16,"CUAUTEPEC DE MADERO","GUSTAVO A MADERO",19.550291,-99.136642,.0014154281,0,3742,885,.037514303,353
7140,3,,16,"VALLE DE MADERO","GUSTAVO A MADERO",19.563261,-99.132187,.0056617125,.0034602077,3742,885,.070001118,354
7160,3,,16,"LOMA LA PALMA","GUSTAVO A MADERO",19.555628,-99.14241,.0042462847,.0034602077,3742,885,.085579455,355
7170,3,,16,"PALMATITLA","GUSTAVO A MADERO",19.553417,-99.132751,0,0,3742,885,.033312805,356
7199,3,2,16,"ESTRELLA","GUSTAVO A MADERO",19.541389,-99.132462,0,0,3742,1100,.018579176,357
7200,3,,16,"CUAUTEPEC DE MADERO","GUSTAVO A MADERO",19.544849,-99.139503,.0035385704,.0069204154,3742,885,.039457515,358
7209,3,,16,"GUADALUPE VICTORIA I","GUSTAVO A MADERO",19.538063,-99.140678,.0028308562,.0034602077,3742,885,.0031638893,359
7210,3,,16,"CHALMA DE GUADALUPE","GUSTAVO A MADERO",19.547724,-99.159637,.0049539986,0,3742,885,.14485222,360
7230,3,,16,"ZONA ESCOLAR","GUSTAVO A MADERO",19.541153,-99.15229,.0042462847,.0069204154,3742,885,.077048883,361
7259,3,,16,"AMPLIACION CASTILLO GRANDE CUATEPEC BARRIO BAJO","GUSTAVO A MADERO",19.53474,-99.137535,0,0,3742,885,.0081317164,362
7268,3,,16,"SOLIDARIDAD NACIONAL","GUSTAVO A MADERO",19.531977,-99.154129,.0028308562,.0069204154,3742,885,.024771051,363
7269,3,,16,"EL ARBOLILLO","GUSTAVO A MADERO",19.528934,-99.1464,0,0,3742,885,.03443918,364
7270,3,1,15,"RESIDENCIAL ACUEDUCTO DE GUADALUPE","GUSTAVO A MADERO",19.523809,-99.148117,.023354564,.020761246,3742,1005,.040920485,365
7279,3,,16,"ACUEDUCTO DE GUADALUPE","GUSTAVO A MADERO",19.528006,-99.152122,.0035385704,.0069204154,3742,885,.03559351,366
7280,3,,16,"JORGE NEGRETE","GUSTAVO A MADERO",19.524422,-99.142593,.0063694268,.010380623,3742,885,.05250793,367
7290,3,,16,"LA PASTORA","GUSTAVO A MADERO",19.525345,-99.139015,.0056617125,.010380623,3742,885,.036334261,368
7300,3,1,15,"LINDAVISTA","GUSTAVO A MADERO",19.491867,-99.130089,.18259023,.25605536,3742,1005,.17671756,369
7310,3,,16,"CANDELARIA TICOMAN","GUSTAVO A MADERO",19.520216,-99.135933,0,0,3742,885,.036986377,370
7320,3,1,15,"LA ESCALERA","GUSTAVO A MADERO",19.510962,-99.135574,.019815994,.031141868,3742,1005,.066069208,371
7330,3,1,15,"SANTA MARIA TICOMAN","GUSTAVO A MADERO",19.516357,-99.131653,.01203114,.017301038,3742,1005,.027019922,372
7340,3,1,15,"SAN JOSE TICOMAN","GUSTAVO A MADERO",19.509235,-99.129471,.014861995,.013840831,3742,1005,.070198081,373
7359,3,1,15,"RESIDENCIAL ZACATENCO","GUSTAVO A MADERO",19.514736,-99.124542,.0028308562,.0034602077,3742,1005,.017047178,374
7369,3,1,15,"RESIDENCIAL ZACATENCO","GUSTAVO A MADERO",19.502275,-99.124855,.026185421,.038062282,3742,1005,.066364668,375
7370,3,1,15,"CAPULTITLAN","GUSTAVO A MADERO",19.478029,-99.135582,.011323425,.024221454,3742,1005,.01771492,376
7380,3,1,15,"","GUSTAVO A MADERO",19.477571,-99.136292,.0049539986,.013840831,3742,1005,.023897389,377
7400,3,2,16,"GRANJAS MODERNAS","GUSTAVO A MADERO",19.483692,-99.097778,.016277423,.010380623,3742,1100,.025687264,378
7410,3,2,16,"VILLA HERMOSA","GUSTAVO A MADERO",19.50242,-99.092682,.026185421,.010380623,3742,1100,.036445066,379
7420,3,2,16,"NUEVA ATZACOALCO","GUSTAVO A MADERO",19.493401,-99.087982,.0021231424,.0069204154,3742,1100,.14709409,380
7430,3,,16,"OBRERO","GUSTAVO A MADERO",19.499287,-99.093102,0,0,3742,885,.012252446,381
7440,3,2,16,"VASCO DE QUIROGA","GUSTAVO A MADERO",19.496176,-99.091087,.0028308562,.0069204154,3742,1100,.041455716,382
7450,3,2,16,"DM NACIONAL SAN PEDRO EL CHICO","GUSTAVO A MADERO",19.476774,-99.094475,.0092002833,.013840831,3742,1100,.049371142,383
7456,3,,16,"COYOL","GUSTAVO A MADERO",19.485395,-99.090851,0,0,3742,885,0,384
7460,3,2,16,"GRANJAS MODERNAS","GUSTAVO A MADERO",19.479176,-99.100616,.060155697,.031141868,3742,1100,.030589504,385
7469,3,2,16,"CONSTITUCION DE LA REPUBLICA","GUSTAVO A MADERO",19.482721,-99.101402,.0028308562,.0069204154,3742,1100,.043029778,386
7470,3,2,16,"AMPLIACION SAN JUAN DE ARAGON","GUSTAVO A MADERO",19.475908,-99.105293,.038216561,.055363324,3742,1100,.044964388,387
7480,3,2,16,"SAN PEDRO EL CHICO","GUSTAVO A MADERO",19.471596,-99.09816,.0035385704,.0069204154,3742,1100,.032428663,388
7500,3,2,16,"LA PRADERA","GUSTAVO A MADERO",19.478849,-99.065376,.0042462847,.010380623,3742,1100,.03145862,389
7510,3,2,16,"SAN FELIPE DE JESUS","GUSTAVO A MADERO",19.495398,-99.075874,.014861995,.027681662,3742,1100,.16882506,390
7520,3,2,16,"25 DE JULIO","GUSTAVO A MADERO",19.495804,-99.081688,.0014154281,.0034602077,3742,1100,.018216852,391
7530,3,2,16,"CAMPESTRE ARAGON","GUSTAVO A MADERO",19.488651,-99.079651,.0042462847,.0034602077,3742,1100,.075272061,392
7550,3,2,16,"PROVIDENCIA","GUSTAVO A MADERO",19.481525,-99.071671,.0035385704,.0069204154,3742,1100,.077662416,393
7570,3,,16,"VILLA DE ARAGON","GUSTAVO A MADERO",19.464941,-99.059258,.0021231424,.0034602077,3742,885,.022614708,394
7580,3,2,16,"AMPLIACION CASAS ALEMAN","GUSTAVO A MADERO",19.475409,-99.085075,.0084925694,.010380623,3742,1100,.078233883,395
7600,3,,16,"PROGRESO NACIONAL","GUSTAVO A MADERO",19.51976,-99.159447,.0070771407,.013840831,3742,885,.055061687,396
7620,3,1,15,"SANTA ROSA","GUSTAVO A MADERO",19.521931,-99.167099,.023354564,.038062282,3742,1005,.047488965,397
7630,3,,15,"SAN JOSE DE LA ESCALERA","GUSTAVO A MADERO",19.526678,-99.165443,.025477707,.044982698,3742,885,.030619947,398
7640,3,,15,"SANTIAGO ATEPETLAC","GUSTAVO A MADERO",19.525042,-99.159241,0,0,3742,885,.013393589,399
7650,3,,16,"PROGRESO NACIONAL","GUSTAVO A MADERO",19.519514,-99.163399,.0014154281,0,3742,885,.021701002,400
7670,3,,16,"GUADALUPE PROLETARIA","GUSTAVO A MADERO",19.52103,-99.157532,0,0,3742,885,.026618425,401
7680,3,,16,"GUADALUPE PROLETARIA","GUSTAVO A MADERO",19.522289,-99.152336,.00070771406,0,3742,885,.010749753,402
7700,3,1,15,"NUEVA INDUSTRIAL VALLEJO","GUSTAVO A MADERO",19.508091,-99.150391,.11606511,.13148789,3742,1005,.29549828,403
7707,3,1,15,"SIETE MARAVILLAS","GUSTAVO A MADERO",19.516142,-99.146408,.0077848551,.017301038,3742,1005,.023208657,404
7708,3,1,15,"TORRES DE LINDA VISTA","GUSTAVO A MADERO",19.508911,-99.14666,.01556971,.017301038,3742,1005,.027684217,405
7720,3,1,15,"LINDAVISTA VALLEJO","GUSTAVO A MADERO",19.499346,-99.150841,.0014154281,0,3742,1005,.0051895427,406
7730,3,1,15,"SAN BARTOLO ATEPEHUACAN","GUSTAVO A MADERO",19.49262,-99.142235,.033262562,.044982698,3742,1005,.058798041,407
7739,3,1,15,"NUEVA INDUSTRIAL VALLEJO","GUSTAVO A MADERO",19.496206,-99.141716,.0014154281,.0034602077,3742,1005,.0096092327,408
7740,3,1,15,"VALLE DEL TEPEYAC","GUSTAVO A MADERO",19.488749,-99.140366,0,0,3742,1005,.01032119,409
7750,3,1,15,"NUEVA VALLEJO","GUSTAVO A MADERO",19.493338,-99.151413,.038924273,.072664358,3742,1005,.072338298,410
7755,3,1,15,"LINDAVISTA VALLEJO","GUSTAVO A MADERO",19.494448,-99.148293,.00070771406,0,3742,1005,.016852921,411
7760,3,1,15,"MAGDALENA DE LAS SALINAS","GUSTAVO A MADERO",19.482571,-99.140617,.08846426,.11072665,3742,1005,.11556967,412
7770,3,1,15,"AMPLIACION PANAMERICANA","GUSTAVO A MADERO",19.478937,-99.141975,.0099079972,.010380623,3742,1005,.016006518,413
7780,3,1,15,"DEFENSORES DE LA REPUBLICA","GUSTAVO A MADERO",19.472879,-99.142693,.0092002833,.010380623,3742,1005,.02505908,414
7790,3,1,15,"VALLEJO PONIENTE","GUSTAVO A MADERO",19.474211,-99.142128,.029016277,.038062282,3742,1005,.030541368,415
7800,3,2,16,"INDUSTRIAL","GUSTAVO A MADERO",19.474442,-99.125519,.073602267,.096885815,3742,1100,.096190758,416
7810,3,2,16,"ESTRELLA","GUSTAVO A MADERO",19.476078,-99.118507,.019108281,.027681662,3742,1100,.044745483,417
7820,3,2,16,"TRES ESTRELLAS","GUSTAVO A MADERO",19.471117,-99.107613,.012738854,.027681662,3742,1100,.038243722,418
7830,3,2,16,"GERTRUDIS SANCHEZ","GUSTAVO A MADERO",19.470142,-99.105225,.0014154281,0,3742,1100,.0093487641,419
7838,3,2,16,"GERTRUDIS SANCHEZ 2A SECCION","GUSTAVO A MADERO",19.462116,-99.102287,.0070771407,.017301038,3742,1100,.031208882,420
7839,3,2,16,"GERTRUDIS SANCHEZ","GUSTAVO A MADERO",19.467295,-99.099472,.014154281,.0034602077,3742,1100,.03443918,421
7840,3,2,16,"GUADALUPE TEPEYAC","GUSTAVO A MADERO",19.466719,-99.121445,.038216561,.051903114,3742,1100,.077981196,422
7850,3,2,16,"BONDOJITO","GUSTAVO A MADERO",19.467068,-99.10936,.029016277,.034602076,3742,1100,.038898885,423
7858,3,2,16,"BONDOJITO","GUSTAVO A MADERO",19.464315,-99.106529,.0028308562,.0034602077,3742,1100,.0050782543,424
7859,3,2,16,"MARTIRES DE RIO BLANCO","GUSTAVO A MADERO",19.462135,-99.105789,.0014154281,.0034602077,3742,1100,.0069553251,425
7860,3,2,16,"TABLAS DE SAN AGUSTIN","GUSTAVO A MADERO",19.464781,-99.113556,.010615711,.013840831,3742,1100,.024455899,426
7870,3,2,16,"VALLEJO","GUSTAVO A MADERO",19.467594,-99.130684,.084217973,.096885815,3742,1100,.10808477,427
7880,3,1,15,"DEFENSORES DE LA REPUBLICA","GUSTAVO A MADERO",19.46236,-99.116051,.0077848551,.010380623,3742,1005,.021095723,428
7890,3,4,18,"LA JOYA","GUSTAVO A MADERO",19.45672,-99.108208,.0070771407,.013840831,3742,767,.071805686,429
7899,3,2,16,"MALINCHE","GUSTAVO A MADERO",19.452888,-99.104393,.0063694268,.0069204154,3742,1100,.010553607,430
7900,3,2,16,"CUCHILLA DEL TESORO","GUSTAVO A MADERO",19.447412,-99.061333,.0021231424,.0069204154,3742,1100,.041226178,431
7918,3,2,16,"","GUSTAVO A MADERO",19.469481,-99.065323,.0028308562,.0069204154,3742,1100,.055649854,432
7919,3,2,16,"SAN JUAN DE RAGON","GUSTAVO A MADERO",19.467722,-99.081917,.0021231424,.0069204154,3742,1100,.011828631,433
7920,3,2,16,"EX EJIDO SAN JUAN DE ARAGON","GUSTAVO A MADERO",19.458773,-99.080101,.0028308562,0,3742,1100,.18039118,434
7939,3,2,16,"HEROES DE CHAPULTEPEC","GUSTAVO A MADERO",19.475143,-99.091156,0,0,3742,1100,.0081458353,435
7940,3,2,16,"SAN JUAN DE ARAGON","GUSTAVO A MADERO",19.46863,-99.092361,.00070771406,0,3742,1100,.024056604,436
7950,3,2,16,"SAN JUAN DE ARAGON","GUSTAVO A MADERO",19.467545,-99.085152,.016277423,.034602076,3742,1100,.069797277,437
7960,3,2,16,"","GUSTAVO A MADERO",19.451517,-99.096527,.0021231424,.0034602077,3742,1100,.02257915,438
7969,3,2,16,"SAN JUAN DE ARAGON II SECCION","GUSTAVO A MADERO",19.455441,-99.089111,.021231422,.051903114,3742,1100,.21107237,439
7970,3,2,16,"","GUSTAVO A MADERO",19.452244,-99.070763,.011323425,.017301038,3742,1100,.06983906,440
7979,3,2,16,"SAN JUAN DE ARAGON","GUSTAVO A MADERO",19.454477,-99.063278,.021231422,.020761246,3742,1100,.083692975,441
7980,3,2,16,"U H NARCISO BASSOLS","GUSTAVO A MADERO",19.455925,-99.058311,.0021231424,.0069204154,3742,1100,.042615544,442
7990,3,2,16,"","GUSTAVO A MADERO",19.453379,-99.056793,.0028308562,.0069204154,3742,1100,.023957998,443
15000,3,4,18,"IGNACIO ZARAGOZA","VENUSTIANO CARRANZA",19.412506,-99.092407,.033970278,.041522492,3742,767,.077894069,761
15010,3,2,16,"VALENTIN GOMEZ FARIAS","VENUSTIANO CARRANZA",19.41581,-99.091225,.0056617125,.0034602077,3742,1100,.024369268,762
15020,3,4,18,"PUEBLA","VENUSTIANO CARRANZA",19.410236,-99.081993,.013446568,.013840831,3742,767,.031421579,763
15100,3,3,17,"MERCED BALBUENA","VENUSTIANO CARRANZA",19.42915,-99.122437,.042462844,.062283736,3742,662,.070382275,764
15200,3,3,17,"JANITZIO","VENUSTIANO CARRANZA",19.449747,-99.12426,.0021231424,.0069204154,3742,662,.0086479876,765
15210,3,3,17,"VALLE GOMEZ","VENUSTIANO CARRANZA",19.457279,-99.118332,.0035385704,.010380623,3742,662,.025100177,766
15220,3,3,17,"POPULAR RASTRO","VENUSTIANO CARRANZA",19.453209,-99.122482,.029016277,.027681662,3742,662,.032634698,767
15240,3,3,17,"MICHOACANA","VENUSTIANO CARRANZA",19.446222,-99.116096,.00070771406,0,3742,662,.0094968528,768
15270,3,3,17,"MORELOS","VENUSTIANO CARRANZA",19.445011,-99.121986,.01556971,.017301038,3742,662,.06423904,769
15290,3,3,17,"10 DE MAYO","VENUSTIANO CARRANZA",19.432644,-99.116196,.0035385704,0,3742,662,.012939423,770
15300,3,3,17,"20 DE NOVIEMBRE","VENUSTIANO CARRANZA",19.4438,-99.10878,.014154281,.020761246,3742,662,.046884529,771
15309,3,3,17,"20 DE NOVIEMBRE","VENUSTIANO CARRANZA",19.449219,-99.104439,.0049539986,.010380623,3742,662,.029121036,772
15310,3,3,17,"20 DE NOVIEMBRE","VENUSTIANO CARRANZA",19.452663,-99.113075,.00070771406,0,3742,662,.016730035,773
15320,3,3,17,"AZTECA","VENUSTIANO CARRANZA",19.439573,-99.106476,.0070771407,0,3742,662,.0059909946,774
15339,3,3,17,"AQUILES SERDAN","VENUSTIANO CARRANZA",19.447332,-99.103394,0,0,3742,662,.0070056971,775
15340,3,3,17,"20 DE NOVIEMBRE","VENUSTIANO CARRANZA",19.439722,-99.112854,.00070771406,0,3742,662,.010869081,776
15370,3,,17,"MADERO","VENUSTIANO CARRANZA",19.434547,-99.110634,.00070771406,0,3742,885,.0064132437,777
15390,3,,17,"","VENUSTIANO CARRANZA",19.432598,-99.111832,.0092002833,.010380623,3742,885,.021085177,778
15400,3,3,17,"ROMERO RUBIO","VENUSTIANO CARRANZA",19.442778,-99.094391,.0028308562,.0034602077,3742,662,.049445197,779
15410,3,3,17,"SIMON BOLIVAR","VENUSTIANO CARRANZA",19.448637,-99.097412,.0056617125,.0069204154,3742,662,.019226754,780
15420,3,,17,"AMPLIACION SIMON BOLIVAR","VENUSTIANO CARRANZA",19.448286,-99.101807,.0014154281,0,3742,885,.0077005373,781
15430,3,3,17,"AQUILES SERDAN","VENUSTIANO CARRANZA",19.448265,-99.091301,.0084925694,.010380623,3742,662,.030540759,782
15440,3,,17,"PRIMERO DE MAYO","VENUSTIANO CARRANZA",19.44525,-99.100853,0,0,3742,885,.0073800622,783
15450,3,3,17,"DAMIAN CARMONA","VENUSTIANO CARRANZA",19.441481,-99.104393,.0021231424,0,3742,662,.0080805542,784
15500,3,3,17,"MOCTEZUMA PRIMERA SECCION","VENUSTIANO CARRANZA",19.426655,-99.10688,.0092002833,.013840831,3742,662,.047198396,785
15510,3,4,18,"PENSADOR MEXICANO","VENUSTIANO CARRANZA",19.443266,-99.085037,.046709128,.079584777,3742,767,.070919484,786
15520,3,4,18,"PEÃâON DE LOS BAÃâOS","VENUSTIANO CARRANZA",19.439217,-99.082626,.055201698,.079584777,3742,767,.050350938,787
15530,3,4,18,"MOCTEZUMA SEGUNDA SECCION","VENUSTIANO CARRANZA",19.433252,-99.095253,.13729653,.22145329,3742,767,.19295806,788
15540,3,4,18,"SANTA CRUZ AVIACION","VENUSTIANO CARRANZA",19.422791,-99.097221,.02264685,.0069204154,3742,767,.010248964,789
15600,3,,18,"","VENUSTIANO CARRANZA",19.423832,-99.062637,.0021231424,.0034602077,3742,885,.018180341,790
15610,3,4,18,"CUCHILLA PANTITLAN","VENUSTIANO CARRANZA",19.421288,-99.062813,.0014154281,.0034602077,3742,767,.024368666,791
15620,3,4,18,"PEÃâON DE LOS BAÃâOS","VENUSTIANO CARRANZA",19.438223,-99.076096,.076433122,.10034602,3742,767,.55998635,792
15630,3,4,18,"CARACOL","VENUSTIANO CARRANZA",19.426083,-99.066879,0,0,3742,767,.01868356,793
15640,3,,18,"","VENUSTIANO CARRANZA",19.42914,-99.057701,.0021231424,.0034602077,3742,885,.10202815,794
15650,3,4,18,"IGNACIO ZARAGOZA","VENUSTIANO CARRANZA",19.427528,-99.067558,.00070771406,0,3742,767,.012002997,795
15660,3,6,19,"ARENAL PUERTO AEREO","VENUSTIANO CARRANZA",19.427624,-99.056778,.0014154281,.0034602077,3742,3,.022994628,796
15670,3,3,17,"ADOLFO LOPEZ MATEOS","VENUSTIANO CARRANZA",19.422873,-99.07077,.0099079972,.0069204154,3742,662,.038509376,797
15680,3,,19,"ARENAL 2A SECCION","",19.424593,-99.056984,.00070771406,0,3742,885,.0090114819,798
15700,3,4,18,"FEDERAL","VENUSTIANO CARRANZA",19.422203,-99.089447,.05378627,.065743946,3742,767,.059848096,799
15710,3,4,18,"INDUSTRIAL PUERTO AEREO","VENUSTIANO CARRANZA",19.421207,-99.093384,.070063695,.062283736,3742,767,.013383424,800
15730,3,4,18,"CUATRO ARBOLES","VENUSTIANO CARRANZA",19.416668,-99.084702,0,0,3742,767,.036296625,801
15740,3,4,18,"AVIACION CIVIL","VENUSTIANO CARRANZA",19.414175,-99.07795,.013446568,.017301038,3742,767,.021515712,802
15800,3,3,17,"JAMAICA","VENUSTIANO CARRANZA",19.406565,-99.124329,.017692853,.027681662,3742,662,.015662521,803
15810,3,3,17,"MERCED BALBUENA","VENUSTIANO CARRANZA",19.419813,-99.123306,.014154281,.031141868,3742,662,.022639873,804
15820,3,3,17,"LORENZO BOTURINI","VENUSTIANO CARRANZA",19.41548,-99.125565,.039631989,.044982698,3742,662,.025501845,805
15830,3,3,17,"SEVILLA","VENUSTIANO CARRANZA",19.411135,-99.125,0,0,3742,662,.010142358,806
15840,3,3,17,"SEVILLA","VENUSTIANO CARRANZA",19.41007,-99.124039,.017692853,.020761246,3742,662,.0081403749,807
15850,3,3,17,"MAGDALENA MIXIHUCA","VENUSTIANO CARRANZA",19.407602,-99.117813,.029016277,.031141868,3742,662,.029429303,808
15860,3,3,17,"PUEBLO DE LA MAGDALENA MIXIUHCA","VENUSTIANO CARRANZA",19.411453,-99.1166,.0049539986,.0034602077,3742,662,.014157753,809
15900,3,3,17,"JARDIN BALBUENA","VENUSTIANO CARRANZA",19.418608,-99.107536,.15428168,.20069204,3742,662,.24822401,810
15950,3,,17,"JARDIN BALBUENA","VENUSTIANO CARRANZA",19.418509,-99.110527,.0014154281,0,3742,885,.03443918,811
15960,3,3,17,"EL PARQUE","VENUSTIANO CARRANZA",19.415895,-99.117577,.0063694268,0,3742,662,.072836913,812
15980,3,3,17,"24 DE ABRIL","VENUSTIANO CARRANZA",19.414871,-99.116028,.0014154281,.0069204154,3742,662,.0032622898,813
15990,3,,17,"JARDIN BALBUENA","VENUSTIANO CARRANZA",19.41354,-99.121262,0,0,3742,885,.010022538,814
1000,4,4,23,"SAN ANGEL","ALVARO OBREGON",19.347097,-99.190536,.22151451,.19377163,4076,1698,.07389126,1
1010,4,1,20,"LOS ALPES","ALVARO OBREGON",19.36035,-99.192474,.27600849,.12802768,4076,973,.038905405,2
1020,4,4,23,"GUADALUPE INN","ALVARO OBREGON",19.356564,-99.186348,.28025478,.21799308,4076,1698,.053132016,3
1030,4,4,23,"FLORIDA","ALVARO OBREGON",19.357191,-99.181587,.19391365,.19031142,4076,1698,.10749326,4
1040,4,4,23,"CAMPESTRE","ALVARO OBREGON",19.354195,-99.191017,.021231422,.038062282,4076,1698,.028146375,5
1049,4,4,23,"TLACOPAC","ALVARO OBREGON",19.355173,-99.197334,.0056617125,.010380623,4076,1698,.021718949,6
1050,4,4,23,"EX-HACIENDA DE GUADALUPE CHIMALISTAC","ALVARO OBREGON",19.350567,-99.180626,.096956827,.072664358,4076,1698,.019522645,7
1060,4,4,23,"ALTAVISTA","ALVARO OBREGON",19.35042,-99.197014,.053078555,.051903114,4076,1698,.032791492,8
1070,4,4,23,"CHIMALISTAC","ALVARO OBREGON",19.342073,-99.188911,.068648264,.065743946,4076,1698,.029607087,9
1080,4,4,23,"PROGRESO TIZAPAN","ALVARO OBREGON",19.340281,-99.202942,.019815994,.027681662,4076,1698,.043251671,10
1089,4,4,23,"PROGRESO TIZAPAN","ALVARO OBREGON",19.337091,-99.204132,.0021231424,.0034602077,4076,1698,.0070503969,11
1090,4,4,23,"TIZAPAN SAN ANGEL","ALVARO OBREGON",19.337824,-99.196594,.15003538,.21107267,4076,1698,.078831628,12
1120,4,2,21,"LAS AMERICAS","ALVARO OBREGON",19.400606,-99.19989,.026893135,.048442908,4076,944,.053779431,14
1130,4,,21,"UNIDAD HABITACIONAL MOLINO DE SANTO DOMINGO","ALVARO OBREGON",19.393682,-99.200714,0,0,4076,885,.052701741,15
1140,4,2,21,"BELLAVISTA","ALVARO OBREGON",19.39591,-99.19603,.03113942,.031141868,4076,944,.053178687,16
1150,4,2,21,"CRISTO REY","ALVARO OBREGON",19.390533,-99.201691,.010615711,.017301038,4076,944,.056967452,17
1160,4,2,21,"CAROLA","ALVARO OBREGON",19.386852,-99.200241,.0042462847,.0069204154,4076,944,.026095441,18
1180,4,2,21,"SAN PEDRO DE LOS PINOS","ALVARO OBREGON",19.387939,-99.192268,.12809625,.10034602,4076,944,.056835059,19
1270,4,5,24,"LOMAS DE SANTA FE","ALVARO OBREGON",19.382608,-99.218361,0,0,4076,7,.042529888,24
1279,4,5,24,"SANTA FE","ALVARO OBREGON",19.384581,-99.220787,.0014154281,.0034602077,4076,7,.026159626,25
1280,4,2,21,"LOMAS DE BECERRA","ALVARO OBREGON",19.382984,-99.203957,.02264685,.031141868,4076,944,.046883825,26
1290,4,2,21,"PILOTO ADOLFO LOPEZ MATEOS","ALVARO OBREGON",19.373011,-99.232628,.0014154281,.0034602077,4076,944,.043497663,27
1400,4,2,21,"MOLINO DE ROSAS","ALVARO OBREGON",19.372725,-99.206802,.01203114,.013840831,4076,944,.046023544,34
1408,4,2,21,"OLIVAR DEL CONDE","ALVARO OBREGON",19.371746,-99.219048,.0042462847,.0069204154,4076,944,.043351263,35
1410,4,,21,"BARRIO NORTE","ALVARO OBREGON",19.379805,-99.206192,.0021231424,0,4076,885,.031204065,36
1419,4,2,21,"MINAS DE CRISTO","ALVARO OBREGON",19.379715,-99.201813,.026893135,.017301038,4076,944,.015455165,37
1420,4,2,21,"SANTA MARIA NONOALCO","ALVARO OBREGON",19.381472,-99.193649,.02264685,.034602076,4076,944,.035393659,38
1430,4,2,21,"GARCIMARRERO","ALVARO OBREGON",19.367273,-99.232277,.0063694268,.0069204154,4076,944,.059999872,39
1450,4,2,21,"OLIVAR DEL CONDE","ALVARO OBREGON",19.370617,-99.213249,.0042462847,.013840831,4076,944,.027421942,40
1460,4,2,21,"ALFONSO XIII","ALVARO OBREGON",19.37652,-99.194862,.025477707,.044982698,4076,944,.032785106,41
1470,4,2,21,"MOLINO DE ROSAS","ALVARO OBREGON",19.373533,-99.20179,.032554846,.031141868,4076,944,.037603319,42
1480,4,2,21,"MERCED GOMEZ","ALVARO OBREGON",19.369532,-99.193375,.0035385704,.0069204154,4076,944,.062673621,43
1490,4,2,21,"","ALVARO OBREGON",19.369892,-99.197289,.00070771406,.0034602077,4076,944,.0043773511,44
1500,4,2,21,"SANTA LUCIA","ALVARO OBREGON",19.358788,-99.252655,.0092002833,.010380623,4076,944,.094160199,45
1510,4,2,21,"GARCIMARRERO","ALVARO OBREGON",19.365993,-99.239944,.0077848551,.0069204154,4076,944,.031507857,46
1520,4,2,21,"SANTA LUCIA","ALVARO OBREGON",19.36529,-99.242691,.0077848551,.010380623,4076,944,.035712797,47
1530,4,2,21,"","ALVARO OBREGON",19.362818,-99.24836,.0028308562,.0069204154,4076,944,.028490573,48
1540,4,,21,"BALCONES DE CEHUAYO","ALVARO OBREGON",19.35626,-99.23941,.00070771406,0,4076,885,.021228287,49
1550,4,2,21,"TEPEACA","ALVARO OBREGON",19.35981,-99.236198,.00070771406,0,4076,944,.017247872,50
1588,4,2,21,"BOSQUES DE TARANGO","ALVARO OBREGON",19.347795,-99.247902,.0049539986,.010380623,4076,944,.14443853,51
1600,4,2,21,"MERCED GOMEZ","ALVARO OBREGON",19.367447,-99.195457,.041047417,.062283736,4076,944,.062544838,52
1618,4,,21,"EX-HACIENDA DE TARANGO","ALVARO OBREGON",19.362593,-99.223557,.0021231424,.0069204154,4076,885,.010194543,53
1619,4,2,21,"LA MARTINICA","ALVARO OBREGON",19.359884,-99.226059,.0049539986,.0069204154,4076,944,.010331918,54
1640,4,2,21,"LOMA DE PUERTA GRANDE","ALVARO OBREGON",19.358812,-99.232346,.0028308562,0,4076,944,.0081146033,55
1700,4,4,23,"TETELPAN","ALVARO OBREGON",19.341908,-99.225479,.0070771407,.024221454,4076,1698,.10763338,56
1708,4,4,23,"TETELPAN","ALVARO OBREGON",19.343643,-99.230057,0,0,4076,1698,.0047294651,57
1710,4,1,20,"LAS AGUILAS","ALVARO OBREGON",19.357988,-99.202652,.049539987,.089965396,4076,973,.1308537,58
1730,4,1,20,"LOMAS DE LAS AGUILAS","ALVARO OBREGON",19.348074,-99.231491,.010615711,.024221454,4076,973,.060992241,59
1740,4,1,20,"SAN CLEMENTE","ALVARO OBREGON",19.349171,-99.227913,.031847134,.024221454,4076,973,.028320327,60
1759,4,1,20,"AMPLIACION LAS AGUILAS","ALVARO OBREGON",19.349682,-99.223114,.0049539986,.010380623,4076,973,.028709557,61
1760,4,4,23,"ATLAMAYA","ALVARO OBREGON",19.348566,-99.204002,.013446568,.013840831,4076,1698,.081258394,62
1770,4,4,23,"OLIVAR DE LOS PADRES","ALVARO OBREGON",19.335642,-99.229774,.0056617125,.0034602077,4076,1698,.083246626,63
1780,4,4,23,"OLIVAR DE LOS PADRES","ALVARO OBREGON",19.337896,-99.221169,.016277423,.031141868,4076,1698,.18381603,64
1788,4,4,23,"OLIVAR DE LOS PADRES","ALVARO OBREGON",19.337027,-99.236084,.0042462847,0,4076,1698,.03443918,65
1790,4,4,23,"LOMAS DE SAN ANGEL INN","ALVARO OBREGON",19.343374,-99.205414,.025477707,.034602076,4076,1698,.047459096,66
1800,4,3,22,"SAN BARTOLO AMEYALCO","ALVARO OBREGON",19.330088,-99.264671,.0099079972,.017301038,4076,377,.27490222,67
1807,4,5,24,"LOMAS DE LA ERA","ALVARO OBREGON",19.330229,-99.257576,.00070771406,0,4076,7,.021102577,68
1820,4,2,21,"LOMAS DE AXOMIATLA","ALVARO OBREGON",19.342306,-99.253738,.011323425,.010380623,4076,944,.088203795,69
1830,4,,22,"LAS AGUILAS","ALVARO OBREGON",19.32749,-99.285233,.0077848551,.013840831,4076,885,.12774925,70
1840,4,3,22,"TORRES DE POTRERO","ALVARO OBREGON",19.330931,-99.24913,.0042462847,.0069204154,4076,377,.074066997,71
1860,4,5,24,"LOMAS DE LA ERA","ALVARO OBREGON",19.330229,-99.257576,0,0,4076,7,.053083569,72
1863,4,4,23,"TLACOPAC","ALVARO OBREGON",19.312819,-99.269127,.0028308562,0,4076,1698,.0078659235,73
1880,4,3,22,"LA MAGDALENA CONTRERAS","MAGDALENA CONTRERAS",19.298187,-99.250946,.0014154281,0,4076,377,.03443918,74
1900,4,1,20,"JARDINES DEL PEDREGAL","ALVARO OBREGON",19.319622,-99.209198,.28874734,.35640138,4076,973,.44372734,75
1904,4,1,20,"JARDINES DEL PEDREGAL","ALVARO OBREGON",19.317406,-99.220764,.021231422,.034602076,4076,973,.0064039705,76
3700,4,2,21,"NONOALCO","BENITO JUAREZ",19.381123,-99.187691,.12455768,.11072665,4076,944,.041887421,185
3910,4,2,21,"MIXCOAC","BENITO JUAREZ",19.372528,-99.189484,.060155697,.062283736,4076,944,.02993972,195
3930,4,2,21,"MERCED GOMEZ","BENITO JUAREZ",19.36467,-99.190437,.0049539986,.0034602077,4076,944,.0068377405,197
10000,4,3,22,"LOMAS QUEBRADAS","MAGDALENA CONTRERAS",19.313395,-99.241692,.0063694268,.010380623,4076,377,.032723609,575
10010,4,3,22,"SAN BARTOLO AMEYALCO","MAGDALENA CONTRERAS",19.326033,-99.245499,.00070771406,0,4076,377,.040865302,576
10200,4,3,22,"SAN JERONIMO LIDICE","MAGDALENA CONTRERAS",19.326382,-99.221466,.087756544,.13148789,4076,377,.26561469,577
10300,4,3,22,"SAN BERNABE OCOTEPEC","MAGDALENA CONTRERAS",19.31361,-99.257927,.011323425,.010380623,4076,377,.06270396,578
10320,4,3,22,"EL ROSAL","MAGDALENA CONTRERAS",19.323559,-99.246498,0,0,4076,377,.024407875,579
10340,4,,22,"LOS PADRES","MAGDALENA CONTRERAS",19.323042,-99.246422,0,0,4076,885,.018653935,580
10350,4,3,22,"LOMAS DE SAN BERNABE","MAGDALENA CONTRERAS",19.311527,-99.260986,.00070771406,0,4076,377,.029687362,581
10360,4,3,22,"PUEBLO NUEVO ALTO","MAGDALENA CONTRERAS",19.30722,-99.261162,.0021231424,0,4076,377,.020519739,582
10380,4,,22,"BARROS SIERRA","MAGDALENA CONTRERAS",19.316494,-99.24485,0,0,4076,885,.013571611,583
10400,4,3,22,"SAN JERONIMO ACULCO","MAGDALENA CONTRERAS",19.318928,-99.223839,.089171976,.05882353,4076,377,.04385284,584
10500,4,3,22,"","MAGDALENA CONTRERAS",19.311823,-99.235352,.0084925694,.013840831,4076,377,.052612059,585
10580,4,3,22,"BARRANCA SECA","MAGDALENA CONTRERAS",19.305786,-99.238922,.0042462847,.0034602077,4076,377,.018040948,586
10600,4,3,22,"EL ROSAL","MAGDALENA CONRTRERAS",19.307442,-99.248146,.0021231424,0,4076,377,.02442456,587
10610,4,3,22,"EL TORO","MAGDALENA CONTRERAS",19.3113,-99.245003,.0035385704,.0034602077,4076,377,.020839782,588
10640,4,,22,"PUEBLO NUEVO BAJO","MAGDALENA CONTRERAS",19.304853,-99.247505,0,0,4076,885,.073668562,589
10700,4,3,22,"HEROES DE PADIERNA","MAGDALENA CONTRERAS",19.312767,-99.221252,.019815994,.020761246,4076,377,.026897131,590
10710,4,3,22,"SANTA TERESA","MAGDALENA CONTRERAS",19.309093,-99.230705,.00070771406,0,4076,377,.021567132,591
10900,4,,22,"SAN NICOLAS TOTOLAPAN","MAGDALENA CONTRERAS",19.293196,-99.245728,.01203114,.010380623,4076,885,.23959276,592
10910,4,3,22,"PUEBLO LA MAGDALENA CONTRERAS","MAGDALENA CONTRERAS",19.303389,-99.246124,.0014154281,0,4076,377,.018113347,593
17100,4,1,20,"LAS AGUILAS","ALVARO OBREGON",19.355513,-99.204033,0,0,4076,973,.03443918,849
1110,5,1,25,"EL CAPULIN","ALVARO OBREGON",19.397154,-99.211517,.0049539986,.0069204154,4238,392,.09279675,13
1210,5,5,29,"SANTA FE","ALVARO OBREGON",19.379606,-99.245125,.0070771407,.027681662,4238,1823,.041311115,20
1219,5,5,29,"LOMAS DE SANTA FE","ALVARO OBREGON",19.372782,-99.255249,.017692853,.024221454,4238,1823,.0093317684,21
1220,5,5,29,"SANTA FE","ALVARO OBREGON",19.386105,-99.224648,.011323425,.0069204154,4238,1823,.16022991,22
1230,5,5,29,"BEJERO","ALVARO OBREGON",19.379505,-99.244865,.0028308562,.0034602077,4238,1823,.016305352,23
1310,5,,29,"CUAJIMALPA","ALVARO OBREGON",19.379427,-99.253456,.0084925694,.010380623,4238,885,.038340297,28
1320,5,5,29,"LOMAS DE SANTA FE","ALVARO OBREGON",19.37936,-99.250168,.0014154281,.0034602077,4238,1823,.0099530006,29
1330,5,2,26,"PASEO DE LAS LOMAS","ALVARO OBREGON",19.369389,-99.266479,.10898797,.093425609,4238,1465,.034595892,30
1340,5,5,29,"SANTA FE","ALVARO OBREGON",19.379986,-99.244965,0,0,4238,1823,.0023264859,31
1376,5,5,29,"SANTA FE","ALVARO OBREGON",19.366676,-99.260719,.49610758,.44982699,4238,1823,.26853991,32
1389,5,5,29,"SANTA FE","ALVARO OBREGON",19.358927,-99.258812,0,0,4238,1823,.014364465,33
5000,5,4,28,"CUAJIMALPA","CUAJIMALPA DE MORELOS",19.356705,-99.295357,.030431706,.044982698,4238,142,.11310459,271
5020,5,4,28,"LOMA DEL PADRE","CUAJIMALPA DE MORELOS",19.340977,-99.311745,.0014154281,0,4238,142,.16322613,272
5030,5,4,28,"CUAJIMALPA","CUAJIMALPA DE MORELOS",19.360699,-99.294785,.0035385704,.010380623,4238,142,.027527891,273
5100,5,2,26,"LOMAS DE VISTA HERMOSA","CUAJIMALPA DE MORELOS",19.378653,-99.272682,.058740269,.08650519,4238,1465,.28972486,274
5110,5,2,26,"COOPERATIVA PALO ALTO","CUAJIMALPA",19.384443,-99.250229,.0035385704,.0069204154,4238,1465,.008832044,275
5118,5,2,26,"GRANJAS PALO ALTO","CUAJIMALPA DE MORELOS",19.382744,-99.254463,.039631989,.044982698,4238,1465,.0079238685,276
5119,5,2,26,"CAMPESTRE PALO ALTO","CUAJIMALPA DE MORELOS",19.378859,-99.258911,.019108281,.024221454,4238,1465,.016206149,277
5120,5,2,26,"BOSQUES DE LAS LOMAS","CUAJIMALPA DE MORELOS",19.387434,-99.253296,.35314932,.25605536,4238,1465,.13595431,278
5129,5,2,26,"LOMAS DEL CHAMIZAL","CUAJIMALPA DE MORELOS",19.393606,-99.266258,.12809625,.11072665,4238,1465,.10271978,279
5200,5,3,27,"SAN JOSE DE LOS CEDROS","CUAJIMALPA DE MORELOS",19.366808,-99.285606,.016277423,.027681662,4238,395,.052453082,280
5214,5,2,26,"LOMAS DE VISTA HERMOSA","CUAJIMALPA DE MORELOS",19.378605,-99.277481,.0035385704,.0069204154,4238,1465,.03443918,281
5219,5,,26,"GRANJAS NAVIDAD","CUAJIMALPA",19.375259,-99.285904,.0056617125,.010380623,4238,885,.036577255,282
5240,5,5,29,"EL MOLINO","CUAJIMALPA",19.363119,-99.285103,0,0,4238,1823,.015125521,283
5249,5,,29,"GRANJAS NAVIDAD","CUAJIMALPA DE MORELOS",19.372564,-99.277657,0,0,4238,885,.03443918,284
5260,5,4,28,"CUAJIMALPA","CUAJIMALPA DE MORELOS",19.361931,-99.292358,.0042462847,.0069204154,4238,142,.03909485,285
5270,5,,27,"MANZANAZTITLA","CUAJIMALPA DE MORELOS",19.366907,-99.297791,.00070771406,0,4238,885,.0051754252,286
5310,5,3,27,"EL MOLINITO","CUAJIMALPA",19.3617,-99.287392,0,0,4238,395,.0009152086,287
5320,5,3,27,"EL YAQUI","CUAJIMALPA DE MORELOS",19.36289,-99.280769,.057324842,.05882353,4238,395,.035318665,288
5330,5,3,27,"LOMAS DE MEMETLA","CUAJIMALPA DE MORELOS",19.357153,-99.28804,.0021231424,.0034602077,4238,395,.031634957,289
5348,5,5,29,"LOMAS DE SANTA FE","CUAJIMALPA DE MORELOS",19.360054,-99.274399,.73743808,.54325259,4238,1823,.31494886,290
5349,5,3,27,"CRUZ MANCA","CUAJIMALPA",19.358189,-99.273689,.011323425,.010380623,4238,395,.03443918,291
5360,5,4,28,"LOCAXCO","CUAJIMALPA DE MORELOS",19.353874,-99.293434,.00070771406,0,4238,142,.007511674,292
5370,5,5,29,"SANTA FE","CUAJIMALPA DE MORELOS",19.360495,-99.28038,.0042462847,.0034602077,4238,1823,.004417968,293
5379,5,3,27,"LOMAS DE MEMETLA","CUAJIMALPA DE MORELOS",19.353748,-99.289818,0,0,4238,395,.0059446306,294
5410,5,4,28,"SAN LORENZO ACOPILCO","CUAJIMALPA DE MORELOS",19.328781,-99.323914,.0084925694,.0069204154,4238,142,.25564659,295
5500,5,4,28,"","CUAJIMALPA DE MORELOS",19.348383,-99.300491,.016985139,.038062282,4238,142,.25417823,296
5600,5,3,27,"CRUZ MANCA","CUAJIMALPA DE MORELOS",19.344109,-99.275223,.0042462847,.010380623,4238,395,.26533294,297
5610,5,4,28,"SAN ANGEL","ALVARO OBREGON",19.329702,-99.287056,.00070771406,0,4238,142,.15070863,298
5619,5,,29,"PRADOS DE LA MONTAÃâA","CUAJIMALPA DE MORELOS",19.356577,-99.265358,.0056617125,.0069204154,4238,885,.03443918,299
5620,5,5,29,"SAN MATEO TLALTENANGO","CUAJIMALPA DE MORELOS",19.353214,-99.265518,.0035385704,.0069204154,4238,1823,.03443918,300
5710,5,4,28,"SAN LORENZO ACOPILCO","CUAJIMALPA",19.318764,-99.333916,.0014154281,0,4238,142,.055086799,301
11700,5,2,26,"BOSQUES DE LAS LOMAS","MIGUEL HIDALGO",19.404306,-99.241936,.12668082,.20069204,4238,1465,.2337184,641
11800,5,3,27,"ESCANDON","MIGUEL HIDALGO",19.402466,-99.177979,.18259023,.31141868,4238,395,.097534895,642
11810,5,4,28,"16 DE SEPTIEMBRE","MIGUEL HIDALGO",19.401024,-99.208839,.017692853,.024221454,4238,142,.0091186203,643
11820,5,1,25,"AMERICA","MIGUEL HIDALGO",19.404924,-99.201584,.02264685,.017301038,4238,392,.01527625,644
11830,5,1,25,"DANIEL GARZA","MIGUEL HIDALGO",19.404507,-99.198929,.019815994,.031141868,4238,392,.01241148,645
11840,5,1,25,"DANIEL GARZA","MIGUEL HIDALGO",19.409672,-99.192993,.0099079972,.017301038,4238,392,.020602508,646
11850,5,1,25,"SAN MIGUEL CHAPULTEPEC","MIGUEL HIDALGO",19.413101,-99.183685,.16702053,.30103806,4238,392,.071996652,647
11860,5,1,25,"OBSERVATORIO","MIGUEL HIDALGO",19.404854,-99.19381,.01203114,.024221454,4238,392,.028447142,648
11870,5,1,25,"TACUBAYA","MIGUEL HIDALGO",19.40036,-99.187302,.036093418,.055363324,4238,392,.044545133,649
11910,5,2,26,"LOMAS DE BEZARES","MIGUEL HIDALGO",19.38896,-99.243088,.041047417,.062283736,4238,1465,.06245612,650
11920,5,4,28,"LOMAS DE CHAPULTEPEC","MIGUEL HIDALGO",19.399467,-99.236633,.0070771407,.010380623,4238,142,.025358027,651
11930,5,2,26,"LOMAS DE REFORMA","MIGUEL HIDALGO",19.403393,-99.230804,.012738854,.017301038,4238,1465,.02683253,652
11950,5,2,26,"LOMAS ALTAS","MIGUEL HIDALGO",19.395388,-99.232391,.13305025,.05882353,4238,1465,.10904179,653
11000,6,4,33,"LOMAS DE CHAPULTEPEC","MIGUEL HIDALGO",19.426228,-99.211853,.87827319,.97923875,5589,1242,.47199702,594
11040,6,1,30,"MOLINO DEL REY","MIGUEL HIDALGO",19.424696,-99.203461,.016277423,.013840831,5589,2198,.00088938419,595
11100,6,2,31,"BOSQUE DE CHAPULTEPEC II SECCION","MIGUEL HIDALGO",19.41185,-99.194695,.0014154281,.0034602077,5589,1096,.3449471,596
11310,6,3,32,"","MIGUEL HIDALGO",19.444942,-99.181152,.010615711,.017301038,5589,979,.0092645204,608
11450,6,5,34,"ANAHUAC","MIGUEL HIDALGO",19.445946,-99.189537,.058032554,.079584777,5589,83,.02442552,618
11500,6,1,30,"IRRIGACION","MIGUEL HIDALGO",19.443012,-99.210083,.11181883,.11072665,5589,2198,.063760556,625
11506,6,,30,"POLANCO V SECCION","MIGUEL HIDALGO",19.435366,-99.190292,0,0,5589,885,.03443918,626
11510,6,1,30,"LOS MORALES POLANCO","MIGUEL HIDALGO",19.437508,-99.210083,.28237793,.26989618,5589,2198,.026305532,627
11520,6,3,32,"GRANADA","MIGUEL HIDALGO",19.439808,-99.19503,.4274593,.30103806,5589,979,.07943543,628
11529,6,3,32,"AMPLIACION GRANADA","MIGUEL HIDALGO",19.441914,-99.203751,.25265393,.083044983,5589,979,.031724144,629
11530,6,1,30,"POLANCO II SECCION","MIGUEL HIDALGO",19.434439,-99.204079,.20594479,.24567474,5589,2198,.044180468,630
11540,6,1,30,"POLANCO III SECCION","MIGUEL HIDALGO",19.431934,-99.198517,.44939843,.36332181,5589,2198,.053979971,631
11550,6,1,30,"POLANCO IV SECCION","MIGUEL HIDALGO",19.430689,-99.194145,.4069356,.39446366,5589,2198,.051649079,632
11560,6,2,31,"POLANCO V SECCION","MIGUEL HIDALGO",19.433247,-99.187119,.74876148,.78200692,5589,1096,.079489052,633
11570,6,2,31,"POLANCO V SECCION","MIGUEL HIDALGO",19.433945,-99.189232,.0021231424,.0034602077,5589,1096,.03443918,634
11580,6,2,31,"RINCON DEL BOSQUE","MIGUEL HIDALGO",19.423508,-99.184563,.016277423,.020761246,5589,1096,.2117532,635
11600,6,2,31,"MERCED GOMEZ","MIGUEL HIDALGO",19.439245,-99.215775,.0035385704,.0034602077,5589,1096,.054669831,637
11610,6,1,30,"LOMAS DE SOTELO","MIGUEL HIDALGO",19.448565,-99.221321,0,0,5589,2198,.057809711,638
11619,6,1,30,"LOMAS DE SOTELO","MIGUEL HIDALGO",19.437355,-99.222878,.0099079972,.010380623,5589,2198,.079499908,639
11650,6,1,30,"REFORMA SOCIAL","MIGUEL HIDALGO",19.433905,-99.212547,.066525124,.069204152,5589,2198,.021101255,640
2820,7,4,38,"DOCTORES","CUAUHTEMOC",19.407089,-99.206276,0,0,5851,1230,.03443918,132
3000,7,3,37,"PIEDAD NARVARTE","BENITO JUAREZ",19.403215,-99.153954,.1153574,.079584777,5851,1457,.020795181,145
3010,7,3,37,"ATENOR SALAS","BENITO JUAREZ",19.402771,-99.14595,.0035385704,.010380623,5851,1457,.006359987,146
3020,7,3,37,"NARVARTE PONIENTE","BENITO JUAREZ",19.392267,-99.157166,.19391365,.35294119,5851,1457,.1200166,147
3023,7,3,37,"NARVARTE ORIENTE","BENITO JUAREZ",19.393538,-99.150063,.18895966,.26297578,5851,1457,.12062409,148
3103,7,2,36,"DEL VALLE","BENITO JUAREZ",19.39529,-99.167366,.50247699,.53633219,5851,2156,.10738229,150
3400,7,3,37,"ALAMOS","BENITO JUAREZ",19.39801,-99.140312,.19745223,.23875433,5851,1457,.083226554,163
3410,7,3,37,"POSTAL","BENITO JUAREZ",19.391132,-99.14093,.0028308562,.0069204154,5851,1457,.018036027,164
3420,7,3,35,"MIGUEL ALEMAN","BENITO JUAREZ",19.38946,-99.145157,.0042462847,.0069204154,5851,1457,.0041235075,165
3430,7,,,"JOSEFA ORTIZ DE DOMINGUEZ","BENITO JUAREZ",19.387672,-99.141212,.00070771406,0,5851,885,.0040662917,166
3440,7,2,36,"NIÃâOS HEROES","BENITO JUAREZ",19.386106,-99.143639,.019108281,.031141868,5851,2156,.025819845,167
3500,7,3,37,"NATIVITAS","BENITO JUAREZ",19.382149,-99.137352,.032554846,.048442908,5851,1457,.04180564,168
3510,7,3,37,"MODERNA","BENITO JUAREZ",19.394825,-99.134941,.036093418,.062283736,5851,1457,.041117527,169
3520,7,3,37,"IZTACCIHUATL","BENITO JUAREZ",19.390297,-99.135895,.01556971,.020761246,5851,1457,.012627231,170
3530,7,3,37,"VILLA DE CORTEZ","BENITO JUAREZ",19.388083,-99.136337,.0049539986,.010380623,5851,1457,.012320103,171
3600,7,3,37,"VERTIZ NARVARTE","BENITO JUAREZ",19.382504,-99.15078,.16206652,.11072665,5851,1457,.033643421,178
3610,7,3,37,"AMERICAS UNIDAS","BENITO JUAREZ",19.381548,-99.140991,.02406228,.013840831,5851,1457,.016388657,179
3620,7,3,37,"VERTIZ NARVARTE","BENITO JUAREZ",19.383167,-99.147087,.0063694268,.010380623,5851,1457,.0057657878,180
3630,7,3,37,"INDEPENDENCIA","BENITO JUAREZ",19.379492,-99.146545,.032554846,.038062282,5851,1457,.030319309,181
6100,7,5,39,"HIPODROMO CONDESA","CUAUHTEMOC",19.408987,-99.171303,.42958245,.50519031,5851,904,.083912581,312
6140,7,5,39,"CONDESA","CUAUHTEMOC",19.414223,-99.176079,.097664542,.14186852,5851,904,.049699891,313
6170,7,5,39,"HIPODROMO CONDESA","CUAUHTEMOC",19.409849,-99.176201,.1104034,.12110727,5851,904,.02651732,314
6700,7,2,36,"ROMA NORTE","CUAUHTEMOC",19.414284,-99.165047,.0014154281,0,5851,2156,.18109977,330
6700,7,2,36,"ROMA NORTE","CUAUHTEMOC",19.418541,-99.163612,1,1,5851,2156,.18109977,329
6720,7,4,38,"DOCTORES","CUAUHTEMOC",19.421011,-99.148155,.3963199,.45674741,5851,1230,.19147392,331
6728,7,4,38,"DOCTORES","CUAUHTEMOC",19.422276,-99.152054,0,0,5851,1230,.03443918,332
6760,7,1,35,"ROMA SUR","CUAUHTEMOC",19.405357,-99.163574,.54423213,.43598616,5851,770,.10577553,333
6780,7,4,38,"BUENOS AIRES","CUAUHTEMOC",19.404953,-99.148308,.0063694268,.010380623,5851,1230,.024683891,334
6800,7,4,38,"OBRERA","CUAUHTEMOC",19.418144,-99.139259,.22222222,.28027681,5851,1230,.11932233,335
6820,7,4,38,"TRANSITO","CUAUHTEMOC",19.41704,-99.130867,.12668082,.10380623,5851,1230,.046950676,336
6840,7,4,38,"TRANSITO","CUAUHTEMOC",19.41918,-99.128128,.0099079972,.017301038,5851,1230,.011687112,337
6850,7,4,38,"ASTURIAS","CUAUHTEMOC",19.405018,-99.129517,.00070771406,.0034602077,5851,1230,.020215213,338
6860,7,4,38,"VISTA ALEGRE","CUAUHTEMOC",19.40975,-99.134239,.021231422,.024221454,5851,1230,.015581118,339
6870,7,4,38,"PAULINO NAVARRO","CUAUHTEMOC",19.412735,-99.128868,.0092002833,.010380623,5851,1230,.014000169,340
6880,7,4,38,"ALGARIN","CUAUHTEMOC",19.40555,-99.139084,.041755132,.079584777,5851,1230,.028165475,341
6890,7,4,38,"AMPLIACION ASTURIAS","CUAUHTEMOC",19.406784,-99.132545,.027600849,.041522492,5851,1230,.02349852,342
3100,8,2,41,"DEL VALLE","BENITO JUAREZ",19.384274,-99.167755,.59801841,.62629759,5832,2458,.15025872,149
3104,8,2,41,"DEL VALLE","BENITO JUAREZ",19.371056,-99.169991,.40835103,.45328718,5832,2458,.12031451,151
3200,8,2,41,"TLACOQUEMECATL DEL VALLE","BENITO JUAREZ",19.375132,-99.175461,.21797594,.22145329,5832,2458,.036647569,152
3220,8,2,41,"DEL VALLE","BENITO JUAREZ",19.370499,-99.171524,.0021231424,0,5832,2458,.03443918,153
3230,8,1,40,"ACTIPAN","BENITO JUAREZ",19.368799,-99.179817,.22009908,.069204152,5832,834,.014610374,154
3240,8,1,40,"ACACIAS","BENITO JUAREZ",19.365988,-99.175026,.084925689,.076124564,5832,834,.023984915,155
3303,8,1,40,"PORTALES NORTE","BENITO JUAREZ",19.368252,-99.150108,.050247699,.089965396,5832,834,.093418434,157
3310,8,1,40,"SANTA CRUZ ATOYAC","BENITO JUAREZ",19.369198,-99.161163,.10757254,.11418685,5832,834,.073616646,158
3313,8,1,40,"SANTA CRUZ ATOYAC","BENITO JUAREZ",19.36672,-99.16539,.01556971,.013840831,5832,834,.03443918,159
3320,8,1,40,"RESIDENCIAL EMPERADORES","BENITO JUAREZ",19.366945,-99.15638,.021939136,.020761246,5832,834,.0083819525,160
3540,8,1,40,"MARIA DEL CARMEN","BENITO JUAREZ",19.376432,-99.137482,.020523708,.017301038,5832,834,.010039665,172
3550,8,2,41,"ZACAHUITZCO","BENITO JUAREZ",19.373373,-99.137039,.0021231424,.0069204154,5832,2458,.0078195585,173
3560,8,,40,"ALBERT","BENITO JUAREZ",19.369423,-99.138168,.019815994,.010380623,5832,885,.011145108,174
3570,8,2,41,"PORTALES ORIENTE","BENITO JUAREZ",19.367508,-99.140091,.017692853,.027681662,5832,2458,.021914707,175
3580,8,2,41,"MIRAVALLE","BENITO JUAREZ",19.361893,-99.140526,.0042462847,.0034602077,5832,2458,.0091656214,176
3640,8,3,42,"AMERICAS UNIDAS","BENITO JUAREZ",19.379124,-99.1409,.0014154281,.0034602077,5832,1255,.0012003543,182
3650,8,2,41,"LETRAN VALLE","BENITO JUAREZ",19.375811,-99.157768,.11606511,.12110727,5832,2458,.051234558,183
3660,8,3,42,"SAN SIMON TICUMAC","BENITO JUAREZ",19.37587,-99.144905,.10686482,.096885815,5832,1255,.044132043,184
3710,8,3,42,"CIUDAD DE LOS DEPORTES","BENITO JUAREZ",19.383245,-99.180786,.073602267,.08650519,5832,1255,.027820513,186
3720,8,4,43,"NOCHEBUENA","BENITO JUAREZ",19.380388,-99.178215,.0905874,.072664358,5832,524,.0093752937,187
3730,8,2,41,"SAN JUAN","BENITO JUAREZ",19.378765,-99.18512,.029016277,.034602076,5832,2458,.021685014,188
3740,8,4,43,"EXTREMADURA INSURGENTES","BENITO JUAREZ",19.375816,-99.179192,.077848546,.048442908,5832,524,.016005225,189
3800,8,2,41,"SAN PEDRO DE LOS PINOS","BENITO JUAREZ",19.392115,-99.1838,.20806794,.19723183,5832,2458,.069732957,190
3810,8,3,42,"NAPOLES","BENITO JUAREZ",19.395027,-99.173836,.54069358,.32525951,5832,1255,.068320356,191
3820,8,2,41,"8 DE AGOSTO","BENITO JUAREZ",19.39406,-99.186462,.02406228,.034602076,5832,2458,.0078257658,192
3840,8,3,42,"NAPOLES","BENITO JUAREZ",19.388174,-99.176567,.1606511,.13494809,5832,1255,.01927592,193
3900,8,4,43,"SAN JOSE INSURGENTES","BENITO JUAREZ",19.364038,-99.183678,.20028308,.13148789,5832,524,.051151052,194
3920,8,2,41,"INSURGENTES MIXCOAC","BENITO JUAREZ",19.371027,-99.1819,.10332625,.11418685,5832,2458,.038599554,196
3940,8,1,40,"CREDITO CONSTRUCTOR","BENITO JUAREZ",19.365185,-99.180573,.063694268,.069204152,5832,834,.010347931,198
38201,8,3,42,"NAPOLES","BENITO JUAREZ",19.394358,-99.177444,.00070771406,0,5832,1255,.03443918,850
6000,9,2,45,"CENTRO","CUAUHTEMOC",19.432703,-99.137535,.26256192,.38408303,5146,1419,.033915129,302
6010,9,2,45,"CENTRO","CUAUHTEMOC",19.438143,-99.136894,.087756544,.13148789,5146,1419,.047102794,303
6020,9,2,45,"CENTRO","CUAUHTEMOC",19.437653,-99.129234,.11181883,.17993079,5146,1419,.064212359,304
6030,9,4,47,"TABACALERA","CUAUHTEMOC",19.435699,-99.154976,.21231422,.21799308,5146,1580,.039246339,305
6040,9,2,45,"CENTRO","CUAUHTEMOC",19.432318,-99.148712,.050247699,.048442908,5146,1419,.027256502,306
6050,9,2,45,"CENTRO","CUAUHTEMOC",19.432354,-99.143944,.12738854,.13494809,5146,1419,.034090482,307
6060,9,2,45,"CENTRO","CUAUHTEMOC",19.430908,-99.129715,.13021939,.183391,5146,1419,.049864288,308
6070,9,2,45,"CENTRO","CUAUHTEMOC",19.428345,-99.144745,.029016277,.055363324,5146,1419,.021440346,309
6080,9,2,45,"CENTRO","CUAUHTEMOC",19.426729,-99.138138,.10828026,.17993079,5146,1419,.045172706,310
6090,9,2,45,"CENTRO","CUAUHTEMOC",19.426653,-99.133049,.0905874,.15916955,5146,1419,.047203794,311
6200,9,3,46,"MORELOS","CUAUHTEMOC",19.448322,-99.129356,.051663127,.062283736,5146,833,.089175478,315
6220,9,3,46,"PERALVILLO","CUAUHTEMOC",19.462759,-99.13559,.017692853,.027681662,5146,833,.066212222,316
6240,9,3,46,"VALLE GOMEZ","CUAUHTEMOC",19.458799,-99.125175,.0092002833,.013840831,5146,833,.014237578,317
6250,9,3,46,"EX-HIPODROMO DE PERALVILLO","CUAUHTEMOC",19.45561,-99.130516,.019815994,.048442908,5146,833,.048434429,318
6270,9,3,46,"MAZA","CUAUHTEMOC",19.455484,-99.127998,.00070771406,0,5146,833,.0062773055,319
6280,9,3,46,"FELIPE PESCADOR","CUAUHTEMOC",19.455215,-99.126595,.0035385704,.0069204154,5146,833,.010002029,320
6300,9,3,46,"GUERRERO","CUAUHTEMOC",19.442228,-99.143967,.077140838,.10034602,5146,833,.11652096,321
6350,9,3,46,"BUENAVISTA","CUAUHTEMOC",19.44396,-99.151054,.10615711,.11764706,5146,833,.081995487,322
6400,9,3,46,"SANTA MARIA LA RIBERA","CUAUHTEMOC",19.449009,-99.158424,.13588111,.23875433,5146,833,.13713264,323
6430,9,3,46,"SANTA MARIA INSURGENTES","CUAUHTEMOC",19.46175,-99.148567,.042462844,.044982698,5146,833,.033247225,324
6450,9,3,46,"ATLAMPA","CUAUHTEMOC",19.459778,-99.157646,.092710547,.08650519,5146,833,.083688751,325
6470,9,4,47,"SAN RAFAEL","CUAUHTEMOC",19.437798,-99.162125,.25548479,.24913494,5146,1580,.07979963,326
6500,9,4,47,"CUAUHTEMOC","CUAUHTEMOC",19.428677,-99.169518,.64826608,.53633219,5146,1580,.091104887,327
6600,9,1,44,"JUAREZ","CUAUHTEMOC",19.427095,-99.162552,.87261146,.68166089,5146,1234,.11406425,328
6900,9,3,46,"","CUAUHTEMOC",19.453701,-99.145081,.0077848551,.024221454,5146,833,.07109426,343
6920,9,3,46,"SAN SIMON TOLNAHUAC","CUAUHTEMOC",19.459204,-99.14431,.01556971,.027681662,5146,833,.037814528,344
2000,10,4,51,"CENTRO DE AZCAPOTZALCO","AZCAPOTZALCO",19.479753,-99.18602,.031847134,.055363324,5020,2016,.030371258,77
2010,10,4,51,"SAN RAFAEL","AZCAPOTZALCO",19.485748,-99.184219,.0077848551,.017301038,5020,2016,.025957674,78
2020,10,4,51,"","AZCAPOTZALCO",19.485058,-99.179291,.036093418,.062283736,5020,2016,.064460993,79
2040,10,4,51,"SAN SEBASTIAN","AZCAPOTZALCO",19.48111,-99.176064,.019815994,.024221454,5020,2016,.017845606,80
2050,10,4,51,"SANTA MARIA MANINALCO","AZCAPOTZALCO",19.47858,-99.181206,.021939136,.041522492,5020,2016,.030634025,81
2060,10,4,51,"UN HOGAR PARA CADA TRABAJADOR","AZCAPOTZALCO",19.473961,-99.176666,.011323425,.017301038,5020,2016,.025556451,82
2070,10,4,51,"EL RECREO","AZCAPOTZALCO",19.474134,-99.186226,.029016277,.05882353,5020,2016,.056535318,83
2080,10,4,51,"CLAVERIA","AZCAPOTZALCO",19.466955,-99.181488,.20736022,.18685122,5020,2016,.068302467,84
2090,10,4,51,"SAN ALVARO","AZCAPOTZALCO",19.46139,-99.183136,.0099079972,.020761246,5020,2016,.025967907,85
2099,10,4,51,"ANGEL ZIMBRON","AZCAPOTZALCO",19.469206,-99.188171,.038924273,.017301038,5020,2016,.016824551,86
2100,10,1,48,"EL ROSARIO","AZCAPOTZALCO",19.505774,-99.206955,.0056617125,.0069204154,5020,2235,.13236366,87
2120,10,3,50,"SAN MARTIN XOCHINAHUAC","AZCAPOTZALCO",19.501059,-99.196526,.016985139,.020761246,5020,148,.11783503,88
2128,10,3,50,"SAN MARTIN XOCHINAHUAC","AZCAPOTZALCO",19.502411,-99.185219,.0028308562,0,5020,148,.032589205,89
2129,10,3,50,"NUEVA ESPAÃâA","AZCAPOTZALCO",19.497574,-99.185387,.018400567,.010380623,5020,148,.0042377389,90
2130,10,6,53,"TIERRA NUEVA","AZCAPOTZALCO",19.500509,-99.202942,.0021231424,.0069204154,5020,4,.011374581,91
2150,10,3,50,"PASTEROS","AZCAPOTZALCO",19.494999,-99.195946,.0028308562,.0034602077,5020,148,.022860685,92
2160,10,2,49,"SANTO DOMINGO","AZCAPOTZALCO",19.487583,-99.191269,.0014154281,.0034602077,5020,268,.027578423,93
2200,10,3,50,"NUEVA ROSARIO","AZCAPOTZALCO",19.495182,-99.188477,.0077848551,.0069204154,5020,148,.022031372,94
2230,10,4,51,"SANTA BARBARA","AZCAPOTZALCO",19.502657,-99.178032,.036801133,.041522492,5020,2016,.094072476,95
2240,10,3,50,"PUEBLO DE SAN ANDRES","AZCAPOTZALCO",19.490965,-99.182487,.0021231424,.0034602077,5020,148,.034315992,96
2250,10,1,48,"SANTA CATARINA","AZCAPOTZALCO",19.490545,-99.175392,.0042462847,.0034602077,5020,2235,.018682295,97
2300,10,1,48,"INDUSTRIAL VALLEJO","AZCAPOTZALCO",19.495277,-99.162834,.40410474,.35294119,5020,2235,.29186851,98
2320,10,1,48,"INDUSTRIAL VALLEJO","AZCAPOTZALCO",19.489862,-99.152588,.0077848551,.0034602077,5020,2235,.0044019534,99
2340,10,5,52,"SANTA CRUZ DE LAS SALINAS","AZCAPOTZALCO",19.487776,-99.15316,.014861995,.020761246,5020,265,.017815346,100
2360,10,1,48,"INDUSTRIAL VALLEJO","AZCAPOTZALCO",19.487272,-99.165733,.010615711,.017301038,5020,2235,.021533521,101
2400,10,3,50,"SAN JUAN TLIHUACA","AZCAPOTZALCO",19.490448,-99.203735,.0092002833,.017301038,5020,148,.056027088,102
2410,10,3,50,"PRADOS DEL ROSARIO","AZCAPOTZALCO",19.505419,-99.208969,.013446568,.013840831,5020,148,.026420701,103
2420,10,1,48,"HACIENDA DEL ROSARIO EX EL ROSARIO","AZCAPOTZALCO",19.496643,-99.212067,.016277423,.013840831,5020,2235,.076893039,104
2440,10,2,49,"PROVIDENCIA","AZCAPOTZALCO",19.492367,-99.211456,.014154281,.031141868,5020,268,.067649283,105
2459,10,3,50,"TEZOZOMOC","AZCAPOTZALCO",19.48922,-99.200485,.00070771406,.0034602077,5020,148,.025753738,106
2460,10,3,50,"LA PRECIOSA","AZCAPOTZALCO",19.4853,-99.193176,.0035385704,.0069204154,5020,148,.013631469,107
2470,10,3,50,"PETROLERA","AZCAPOTZALCO",19.483721,-99.194641,.0049539986,.0069204154,5020,148,.0088687893,108
2480,10,3,50,"PETROLERA","AZCAPOTZALCO",19.487934,-99.200829,.00070771406,0,5020,148,.019771246,109
2490,10,1,48,"SAN MATEO","AZCAPOTZALCO",19.483189,-99.192039,.0077848551,.010380623,5020,2235,.0051422045,110
2500,10,4,51,"SECTOR NAVAL","AZCAPOTZALCO",19.471025,-99.170708,.017692853,.020761246,5020,2016,.026573045,111
2510,10,4,51,"EL JAGÃÅEY","AZCAPOTZALCO",19.485508,-99.173218,0,0,5020,2016,.03443918,112
2519,10,4,51,"BARRIO DEL JAGUEY","AZCAPOTZALCO",19.485331,-99.173515,.0056617125,.013840831,5020,2016,.016461777,113
2520,10,4,51,"JARDIN DE AZPEITIA","AZCAPOTZALCO",19.474705,-99.17189,.0063694268,.0034602077,5020,2016,.1276347,114
2530,10,4,51,"JARDIN AZPEITIA","AZCAPOTZALCO",19.471691,-99.174751,.014154281,.024221454,5020,2016,.016499111,115
2600,10,5,52,"PRO HOGAR","AZCAPOTZALCO",19.475124,-99.154167,.021939136,.038062282,5020,265,.047219381,116
2630,10,5,52,"COLTONGO","AZCAPOTZALCO",19.482359,-99.154221,.076433122,.05882353,5020,265,.038821805,117
2650,10,5,52,"TRABAJADORES DEL HIERRO","AZCAPOTZALCO",19.478214,-99.150108,.0063694268,.0069204154,5020,265,.010780429,118
2660,10,5,52,"EUZKADI","AZCAPOTZALCO",19.47588,-99.160812,0,0,5020,265,.017578907,119
2670,10,4,51,"COSMOPOLITA","AZCAPOTZALCO",19.473305,-99.161636,.0042462847,.0034602077,5020,2016,.0075391694,120
2700,10,3,50,"SAN MIGUEL AMANTLA","AZCAPOTZALCO",19.477324,-99.200066,.00070771406,0,5020,148,.034218922,121
2710,10,3,50,"SAN PEDRO XALPA","AZCAPOTZALCO",19.484055,-99.209526,.0028308562,.0069204154,5020,148,.032734144,122
2719,10,3,50,"SAN PEDRO XALPA","AZCAPOTZALCO",19.478312,-99.216537,.0070771407,.013840831,5020,148,.056108594,123
2720,10,4,51,"","AZCAPOTZALCO",19.480255,-99.204262,.0021231424,.0034602077,5020,2016,.041214343,124
2730,10,4,51,"SAN FRANCISCO TETECALA","AZCAPOTZALCO",19.479538,-99.190704,.027600849,.048442908,5020,2016,.017672831,125
2760,10,2,49,"SANTA LUCIA","AZCAPOTZALCO",19.478617,-99.195656,.031847134,.051903114,5020,268,.03164183,126
2770,10,4,51,"SANTA CRUZ ACAYUCAN","AZCAPOTZALCO",19.473812,-99.192207,.014154281,.024221454,5020,2016,.0076040723,127
2780,10,2,49,"SAN LORENZO TLALTENANGO","MIGUEL HIDALGO",19.473269,-99.198021,.0021231424,.0034602077,5020,268,.011977402,128
2790,10,4,51,"SANTA CRUZ ACAYUCAN","AZCAPOTZALCO",19.472374,-99.190933,.59518754,.062283736,5020,2016,.016193623,129
2800,10,4,51,"NUEVA SANTA MARIA","AZCAPOTZALCO",19.466059,-99.168365,.041047417,.069204152,5020,2016,.076656915,130
2810,10,4,51,"VICTORIA","AZCAPOTZALCO",19.47002,-99.164192,.15003538,.020761246,5020,2016,.020946341,131
2840,10,4,51,"OBRERO POPULAR","AZCAPOTZALCO",19.464987,-99.1763,.028308563,.041522492,5020,2016,.025457907,133
2860,10,,50,"TLATILCO","AZCAPOTZALCO",19.461178,-99.162613,.0099079972,.013840831,5020,885,.022144726,134
2870,10,4,51,"SAN SALVADOR XOCHIMANCA","AZCAPOTZALCO",19.460989,-99.17485,.017692853,.024221454,5020,2016,.023960078,135
2900,10,5,52,"AGUILERA","AZCAPOTZALCO",19.473141,-99.155205,.0014154281,.0034602077,5020,265,.0056286231,136
2910,10,,51,"ALDANA","AZCAPOTZALCO",19.470575,-99.151001,.00070771406,0,5020,885,.0099699004,137
2930,10,5,52,"AGUILERA","AZCAPOTZALCO",19.472624,-99.152702,.0035385704,.0034602077,5020,265,.0078237392,138
2940,10,5,52,"PORVENIR","AZCAPOTZALCO",19.469749,-99.145256,.0021231424,0,5020,265,.010732174,139
2950,10,,51,"DEL GAS","AZCAPOTZALCO",19.469006,-99.155396,.0021231424,.0069204154,5020,885,.024404233,140
2960,10,5,52,"SAN FRANCISCO XOCOTITLA","AZCAPOTZALCO",19.468859,-99.146675,.0049539986,.0034602077,5020,265,.0068704584,141
2970,10,5,52,"AMPLIACION DEL GAS","AZCAPOTZALCO",19.465557,-99.15712,.017692853,.024221454,5020,265,.023880921,142
2980,10,5,52,"ARENAL","AZCAPOTZALCO",19.464817,-99.151993,.01203114,.010380623,5020,265,.023427259,143
2990,10,5,52,"","AZCAPOTZALCO",19.466566,-99.146599,.0049539986,.0069204154,5020,265,.015689326,144
11200,10,1,48,"","MIGUEL HIDALGO",19.447264,-99.215431,.079971693,.083044983,5020,2235,.049529955,597
11210,10,2,49,"SAN LORENZO TLALTENANGO","MIGUEL HIDALGO",19.466732,-99.210976,.0092002833,.0069204154,5020,268,.15027653,598
11220,10,2,49,"PERIODISTA","MIGUEL HIDALGO",19.452375,-99.219589,.059447981,.062283736,5020,268,.019128408,599
11230,10,2,49,"ARGENTINA PONIENTE","MIGUEL HIDALGO",19.459084,-99.211807,.038924273,.038062282,5020,268,.090211123,600
11240,10,2,49,"IGNACIO MANUEL ALTAMIRANO","MIGUEL HIDALGO",19.46372,-99.196602,.0035385704,0,5020,268,.0024621892,601
11250,10,2,49,"10 DE ABRIL","MIGUEL HIDALGO",19.448271,-99.207718,.014861995,.013840831,5020,268,.0027719042,602
11260,10,,48,"","",19.453634,-99.207901,.0021231424,.0034602077,5020,885,.062623926,603
11270,10,2,49,"","MIGUEL HIDALGO",19.45553,-99.206711,.00070771406,.0034602077,5020,268,.023067797,604
11280,10,2,49,"TORRE BLANCA","MIGUEL HIDALGO",19.457996,-99.194611,.0056617125,.010380623,5020,268,.021020705,605
11289,10,,48,"AMPLIACION TORRE BLANCA","MIGUEL HIDALGO",19.453344,-99.199913,.00070771406,.0034602077,5020,885,.0091502406,606
11300,10,1,48,"VERONICA ANZURES","MIGUEL HIDALGO",19.435705,-99.172974,.10828026,.12110727,5020,2235,.034005955,607
11320,10,1,48,"ANAHUAC","MIGUEL HIDALGO",19.442766,-99.179283,.25831565,.34602076,5020,2235,.12223021,609
11330,10,,50,"UN HOGAR PARA NOSOTROS","MIGUEL HIDALGO",19.450298,-99.169106,.0042462847,.0034602077,5020,885,.019350182,610
11360,10,4,51,"SANTO TOMAS","MIGUEL HIDALGO",19.4505,-99.164841,.0056617125,.0034602077,5020,2016,.021675946,611
11370,10,1,48,"TLAXPANA","MIGUEL HIDALGO",19.441553,-99.167854,.0077848551,.017301038,5020,2235,.023963744,612
11400,10,1,48,"POPOTLA","MIGUEL HIDALGO",19.455555,-99.178947,.03113942,.048442908,5020,2235,.072946258,613
11410,10,1,48,"TACUBA","MIGUEL HIDALGO",19.455664,-99.188545,.08846426,.10380623,5020,2235,.063504003,614
11420,10,1,48,"NEXTITLA","MIGUEL HIDALGO",19.455055,-99.174957,.01556971,.013840831,5020,2235,.014921149,615
11430,10,,51,"PENSIL NORTE","MIGUEL HIDALGO",19.452019,-99.198235,.0084925694,.0034602077,5020,885,.025593504,616
11440,10,5,52,"ANAHUAC II SECCION","MIGUEL HIDALGO",19.451166,-99.189415,.01203114,.017301038,5020,265,.030077061,617
11460,10,4,51,"ANAHUAC","MIGUEL HIDALGO",19.445684,-99.186417,.026893135,.044982698,5020,2016,.027200855,619
11470,10,1,48,"","MIGUEL HIDALGO",19.449516,-99.202362,.0056617125,.017301038,5020,2235,.016517414,620
11479,10,,,"","MIGUEL HIDALGO",19.453602,-99.197227,.0049539986,.0034602077,5020,885,.03443918,621
11480,10,1,47,"FRANCISCO I MADERO","MIGUEL HIDALGO",19.446541,-99.201645,.023354564,.017301038,5020,2235,.013710707,622
11489,10,1,48,"AMPLIACION POPO","MIGUEL HIDALGO",19.443829,-99.196335,.0084925694,.010380623,5020,2235,.00097058795,623
11490,10,1,48,"PENSIL SUR","MIGUEL HIDALGO",19.444662,-99.195328,.04317056,.051903114,5020,2235,.018477287,624
11590,10,1,48,"ANZURES","MIGUEL HIDALGO",19.43117,-99.178154,.44161358,.49134949,5020,2235,.061411437,636
